,ivysaur,venusaur,charmander,charmeleon,charizard,squirtle,wartortle,blastoise,caterpie,metapod,butterfree,weedle,kakuna,beedrill,pidgey,pidgeotto,pidgeot,rattata,raticate,spearow,fearow,ekans,arbok,pikachu,raichu,sandshrew,sandslash,nidoran_f,nidorina,nidoqueen,nidoran_m,nidorino,nidoking,clefairy,clefable,vulpix,ninetales,jigglypuff,wigglytuff,zubat,golbat,oddish,gloom,vileplume,paras,parasect,venonat,venomoth,diglett,dugtrio,meowth,persian,psyduck,golduck,mankey,primeape,growlithe,arcanine,poliwag,poliwhirl,poliwrath,abra,kadabra,alakazam,machop,machoke,machamp,bellsprout,weepinbell,victreebel,tentacool,tentacruel,geodude,graveler,golem,ponyta,rapidash,slowpoke,slowbro,magnemite,magneton,farfetchd,doduo,dodrio,seel,dewgong,grimer,muk,shellder,cloyster,gastly,haunter,gengar,onix,drowzee,hypno,krabby,kingler,voltorb,electrode,exeggcute,exeggcutor,cubone,marowak,hitmonlee,hitmonchan,lickitung,koffing,weezing,rhyhorn,rhydon,chansey,tangela,kangaskhan,horsea,seadra,goldeen,seaking,staryu,starmie,mr. mime,scyther,jynx,electabuzz,magmar,pinsir,tauros,magikarp,gyarados,lapras,ditto,eevee,vaporeon,jolteon,flareon,porygon,omanyte,omastar,kabuto,kabutops,aerodactyl,snorlax,articuno,zapdos,moltres,dratini,dragonair,dragonite,mewtwo,mew,total,bulbasaur
bulbasaur,0.2,0.4,0.3,0.0,0.0,1.0,0.6,0.4,1.0,1.0,0.4,1.0,1.0,0.0,0.5,0.4,0.1,0.7,0.3,0.5,0.0,0.8,0.6,0.7,0.5,0.7,0.8,0.5,0.2,0.1,0.3,0.3,0.5,0.6,0.3,0.1,0.1,0.4,0.2,0.9,0.6,0.9,0.6,0.5,0.6,0.4,0.6,0.5,0.6,0.5,0.5,0.5,0.7,0.7,0.6,0.4,0.1,0.1,0.5,0.5,0.3,0.0,0.0,0.0,0.7,0.3,0.5,0.7,0.4,0.3,0.0,0.0,1.0,1.0,0.6,0.0,0.1,0.8,0.6,0.8,0.4,0.6,0.0,0.0,0.4,0.0,0.7,0.2,0.9,0.0,0.1,0.1,0.0,1.0,0.6,0.0,0.9,0.3,0.7,0.5,0.7,0.0,0.9,0.6,0.3,0.7,0.8,0.8,0.4,1.0,0.9,0.4,0.2,0.1,0.7,0.2,0.7,0.8,0.6,0.0,0.0,0.4,0.2,0.4,0.1,0.1,0.0,1.0,0.0,0.2,0.9,0.7,0.0,0.4,0.2,0.7,0.9,0.0,0.7,0.5,0.0,0.1,0.0,0.0,0.2,0.4,0.3,0.1,0.0,0.0,0.424,
venusaur,0.7,,0.8,0.6,0.2,1.0,1.0,0.9,1.0,1.0,0.6,1.0,1.0,0.5,0.8,0.9,0.7,1.0,0.8,0.5,0.3,1.0,0.7,0.7,0.8,1.0,1.0,0.9,0.3,0.5,0.8,1.0,0.9,0.8,0.6,0.7,0.4,0.9,0.7,1.0,0.7,0.9,0.9,0.9,0.9,0.5,0.6,0.3,1.0,0.9,1.0,1.0,1.0,0.5,1.0,1.0,0.6,0.5,0.6,0.6,0.9,0.6,0.4,0.5,1.0,0.9,0.6,0.9,0.8,0.7,0.8,0.4,1.0,1.0,1.0,0.5,0.1,1.0,0.8,0.9,0.8,0.9,0.9,0.4,0.9,0.8,0.9,0.6,1.0,1.0,0.6,0.4,0.2,1.0,0.9,0.7,1.0,1.0,0.9,0.8,0.5,0.8,1.0,1.0,1.0,1.0,0.7,0.8,0.3,1.0,1.0,0.7,0.4,0.8,1.0,0.4,1.0,0.7,0.8,0.5,0.5,0.5,0.5,0.6,0.7,0.6,0.6,1.0,0.3,0.7,1.0,0.8,0.7,0.9,0.5,0.7,1.0,0.9,1.0,1.0,0.6,0.7,0.0,0.5,0.2,1.0,0.6,0.2,0.0,0.3,0.738,0.8
charmander,0.5,0.3,,1.0,0.0,0.0,0.0,0.0,1.0,1.0,0.1,1.0,1.0,1.0,0.8,0.0,0.0,0.6,0.1,0.5,0.0,0.0,0.0,0.9,0.1,0.4,0.0,1.0,0.6,0.0,0.9,0.6,0.0,0.2,0.0,0.3,0.0,0.5,0.3,1.0,0.0,0.7,0.4,0.5,1.0,0.8,0.9,0.2,0.0,0.0,0.5,0.0,0.0,0.0,0.0,0.0,0.0,0.0,0.0,0.0,0.0,0.3,0.1,0.0,0.5,0.2,0.0,0.5,0.6,0.2,0.1,0.0,0.2,0.1,0.0,0.4,0.0,0.0,0.0,0.9,0.0,0.5,0.3,0.0,0.0,0.0,0.8,0.3,0.0,0.0,0.5,0.2,0.1,0.0,0.2,0.1,0.1,0.0,0.2,0.0,0.5,0.0,0.5,0.0,0.9,0.2,0.5,0.9,0.1,0.3,0.1,0.2,0.4,0.0,0.2,0.0,0.0,0.0,0.1,0.0,0.0,0.4,0.0,0.1,0.3,0.1,0.0,1.0,0.0,0.1,1.0,0.5,0.0,0.1,0.3,0.5,0.2,0.0,0.3,0.0,0.0,0.0,0.0,0.0,0.2,0.4,0.0,0.0,0.0,0.0,0.262,0.8
charmeleon,0.3,0.4,0.0,,0.1,0.3,0.0,0.0,1.0,1.0,0.6,1.0,1.0,1.0,0.8,0.8,0.3,1.0,0.3,0.8,0.7,0.0,0.4,0.9,0.3,0.4,0.3,1.0,0.9,0.0,1.0,1.0,0.0,0.8,0.4,0.0,1.0,0.5,0.3,1.0,0.6,0.9,0.5,0.8,0.7,0.8,1.0,0.2,0.6,0.0,0.8,0.0,0.3,0.0,0.8,0.0,1.0,0.0,0.4,0.1,0.0,0.4,0.5,0.0,0.6,0.8,0.5,0.7,0.5,0.7,0.5,0.1,0.0,0.0,0.1,1.0,0.5,0.3,0.0,0.8,0.2,0.8,0.8,0.3,0.1,0.0,0.8,0.1,0.4,0.1,1.0,0.3,0.2,0.6,0.2,0.1,0.7,0.0,0.7,0.5,0.9,0.4,1.0,0.4,0.9,0.7,0.7,0.8,0.5,0.0,0.0,0.5,0.4,0.3,0.1,0.0,0.2,0.0,0.0,0.0,0.0,0.9,0.0,0.4,0.7,0.9,0.0,1.0,0.1,0.1,1.0,1.0,0.0,0.1,0.7,0.7,0.1,0.2,1.0,0.1,0.0,0.1,0.3,0.0,0.1,1.0,0.1,0.0,0.0,0.1,0.442,0.8
charizard,0.9,0.5,1.0,1.0,,0.2,0.1,0.4,1.0,1.0,1.0,1.0,1.0,1.0,1.0,0.9,0.8,0.9,0.9,1.0,0.7,1.0,0.6,1.0,0.4,1.0,1.0,0.8,0.9,0.3,1.0,0.7,0.8,0.7,0.6,1.0,0.9,0.9,0.6,1.0,0.9,1.0,0.8,0.4,0.8,0.9,1.0,0.8,0.9,0.4,0.9,0.6,1.0,0.2,1.0,0.6,1.0,0.9,0.6,0.7,0.2,1.0,0.7,0.3,0.8,0.7,0.4,0.9,0.6,0.3,1.0,0.2,0.5,0.0,0.0,1.0,0.9,1.0,0.0,0.8,0.8,1.0,1.0,0.5,0.4,0.2,1.0,0.4,0.8,0.9,1.0,0.9,0.5,0.9,0.7,0.3,0.8,0.1,0.8,0.1,1.0,0.8,1.0,0.8,1.0,1.0,1.0,0.8,0.8,0.0,0.0,0.7,0.6,0.6,0.7,0.1,0.5,0.2,0.7,0.1,0.3,1.0,0.8,0.1,1.0,0.8,0.3,1.0,0.2,0.1,1.0,0.8,0.1,0.2,0.9,0.7,0.7,0.2,1.0,0.5,0.3,0.4,0.8,0.1,0.7,0.8,0.5,0.1,0.0,0.3,0.6693333333333333,1.0
squirtle,0.0,0.0,0.8,0.3,0.4,,0.2,0.0,1.0,1.0,0.1,1.0,1.0,0.3,0.8,0.7,0.1,0.7,0.0,0.9,0.5,0.9,0.1,0.2,0.0,0.9,0.1,1.0,0.0,0.0,0.0,0.0,0.0,0.1,0.2,1.0,0.2,0.5,0.1,1.0,0.4,0.6,0.3,0.0,0.4,0.2,0.2,0.1,1.0,0.7,0.1,0.1,0.6,0.0,0.1,0.2,0.9,0.3,0.4,0.2,0.3,0.6,0.1,0.0,0.9,0.2,0.3,0.5,0.0,0.0,0.7,0.0,1.0,1.0,0.9,0.5,0.2,0.0,0.0,0.0,0.0,0.3,0.7,0.0,1.0,0.0,0.3,0.0,0.4,0.0,0.3,0.0,0.0,0.9,0.3,0.0,0.0,0.0,0.0,0.0,0.5,0.3,1.0,1.0,0.1,0.3,0.1,0.2,0.0,0.9,0.9,0.1,0.0,0.0,0.8,0.8,0.4,0.2,0.3,0.0,0.0,0.6,0.0,0.0,0.1,0.1,0.0,1.0,0.0,0.0,1.0,0.2,0.1,0.0,0.1,0.0,1.0,0.0,0.5,0.0,0.0,0.1,0.0,0.0,0.1,0.3,0.2,0.0,0.0,0.0,0.31933333333333336,0.3
wartortle,0.0,0.0,1.0,1.0,0.7,0.7,,0.2,1.0,1.0,0.5,1.0,1.0,0.9,1.0,0.7,0.2,1.0,0.0,0.9,0.3,1.0,0.9,0.9,0.0,1.0,0.9,1.0,0.9,0.0,1.0,0.6,0.0,0.2,0.2,1.0,0.8,0.7,0.5,1.0,0.6,0.6,0.6,0.5,0.7,0.3,0.6,0.1,1.0,0.9,0.6,0.0,0.6,0.2,0.6,0.0,0.9,0.6,0.8,0.5,0.0,0.4,0.2,0.1,0.9,0.9,0.3,0.6,0.1,0.0,1.0,0.1,1.0,1.0,1.0,1.0,0.7,0.7,0.0,0.1,0.0,0.8,0.9,0.1,0.9,0.2,0.9,0.2,0.9,0.0,0.4,0.2,0.5,1.0,0.1,0.0,0.7,0.0,0.1,0.0,0.7,0.4,1.0,1.0,1.0,0.5,0.1,0.4,0.2,1.0,1.0,0.8,0.0,0.2,0.7,0.6,0.6,0.3,0.2,0.0,0.1,0.2,0.0,0.0,0.5,0.0,0.1,1.0,0.0,0.0,1.0,0.6,0.4,0.0,0.3,0.1,0.9,0.8,0.8,0.0,0.6,0.1,0.0,0.0,0.4,0.8,0.0,0.0,0.0,0.2,0.496,0.4
blastoise,0.3,0.1,1.0,1.0,0.9,1.0,0.6,,1.0,1.0,0.4,1.0,1.0,0.9,1.0,1.0,0.5,1.0,0.6,1.0,0.6,1.0,1.0,0.8,0.1,1.0,1.0,1.0,1.0,0.6,1.0,1.0,0.8,0.6,0.6,1.0,1.0,0.8,0.5,1.0,0.9,0.3,0.7,0.4,1.0,0.5,0.6,0.2,1.0,1.0,0.8,0.5,1.0,0.6,1.0,0.5,1.0,0.9,0.8,0.7,0.3,0.9,0.6,0.3,1.0,0.8,0.8,0.4,0.3,0.4,1.0,0.8,1.0,1.0,1.0,1.0,1.0,0.9,0.4,0.8,0.3,1.0,1.0,0.7,1.0,0.8,1.0,1.0,1.0,0.8,0.6,0.5,0.3,1.0,0.6,0.3,0.7,0.6,0.2,0.3,0.9,0.4,1.0,1.0,1.0,1.0,0.7,0.8,0.4,1.0,0.9,0.5,0.4,0.6,1.0,0.7,1.0,0.9,0.7,0.1,0.3,0.7,0.6,0.4,0.8,0.8,0.3,1.0,0.0,0.4,1.0,0.9,0.9,0.2,0.9,0.8,1.0,0.9,0.9,0.9,1.0,0.1,0.3,0.0,0.6,1.0,1.0,0.7,0.1,0.3,0.726,0.6
caterpie,0.0,0.0,0.0,0.0,0.0,0.0,0.0,0.0,,0.3,0.0,0.0,0.0,0.0,0.0,0.0,0.0,0.0,0.0,0.0,0.0,0.0,0.0,0.0,0.0,0.0,0.0,0.0,0.0,0.0,0.0,0.0,0.0,0.0,0.0,0.0,0.0,0.0,0.0,0.0,0.0,0.0,0.0,0.0,0.0,0.0,0.0,0.0,0.0,0.0,0.0,0.0,0.0,0.0,0.0,0.0,0.0,0.0,0.0,0.0,0.0,0.0,0.0,0.0,0.0,0.0,0.0,0.0,0.0,0.0,0.0,0.0,0.0,0.0,0.0,0.0,0.0,0.0,0.0,0.0,0.0,0.0,0.0,0.0,0.0,0.0,0.0,0.0,0.0,0.0,0.0,0.0,0.0,0.0,0.0,0.0,0.0,0.0,0.0,0.0,0.0,0.0,0.0,0.0,0.0,0.0,0.0,0.0,0.0,0.0,0.0,0.0,0.0,0.0,0.0,0.0,0.0,0.0,0.0,0.0,0.0,0.0,0.0,0.0,0.0,0.0,0.0,1.0,0.0,0.0,0.0,0.0,0.0,0.0,0.0,0.0,0.0,0.0,0.0,0.0,0.0,0.0,0.0,0.0,0.0,0.0,0.0,0.0,0.0,0.0,0.008666666666666666,0.0
metapod,0.0,0.0,0.0,0.0,0.0,0.0,0.0,0.0,0.5,,0.0,0.0,0.0,0.0,0.0,0.0,0.0,0.0,0.0,0.0,0.0,0.0,0.0,0.0,0.0,0.0,0.0,0.0,0.0,0.0,0.0,0.0,0.0,0.0,0.0,0.0,0.0,0.0,0.0,0.0,0.0,0.0,0.0,0.0,0.0,0.0,0.0,0.0,0.0,0.0,0.0,0.0,0.0,0.0,0.0,0.0,0.0,0.0,0.0,0.0,0.0,0.0,0.0,0.0,0.0,0.0,0.0,0.0,0.0,0.0,0.0,0.0,0.0,0.0,0.0,0.0,0.0,0.0,0.0,0.0,0.0,0.0,0.0,0.0,0.0,0.0,0.0,0.0,0.0,0.0,0.0,0.0,0.0,0.0,0.0,0.0,0.0,0.0,0.0,0.0,0.0,0.0,0.0,0.0,0.0,0.0,0.0,0.0,0.0,0.0,0.0,0.0,0.0,0.0,0.0,0.0,0.0,0.0,0.0,0.0,0.0,0.0,0.0,0.0,0.0,0.0,0.0,1.0,0.0,0.0,0.0,0.0,0.0,0.0,0.0,0.0,0.0,0.0,0.0,0.0,0.0,0.0,0.0,0.0,0.0,0.0,0.0,0.0,0.0,0.0,0.01,0.0
butterfree,0.6,0.4,0.8,0.3,0.1,0.8,0.8,0.6,1.0,1.0,,1.0,1.0,0.9,0.6,0.6,0.7,0.8,0.5,0.5,0.0,0.8,0.0,0.5,0.4,0.7,0.4,0.9,0.9,0.0,0.9,0.8,0.2,0.7,0.5,0.8,0.0,0.6,0.5,1.0,0.8,1.0,0.8,0.6,0.3,0.5,0.4,0.3,0.5,0.3,0.7,0.7,0.7,0.3,0.3,0.0,0.8,0.1,0.3,0.2,0.8,0.7,0.7,0.4,0.6,0.7,0.6,0.6,0.7,0.2,0.8,0.3,0.5,0.6,0.8,0.3,0.4,0.5,0.4,0.6,0.3,0.7,0.3,0.0,0.7,0.2,0.9,0.7,0.9,0.1,0.2,0.4,0.6,0.6,0.8,0.2,1.0,0.5,0.5,0.8,0.4,0.0,0.7,1.0,0.9,0.9,0.7,0.9,0.4,0.7,0.7,0.3,0.7,0.1,0.8,0.2,0.7,0.3,0.5,0.1,0.4,0.6,0.0,0.3,0.1,0.5,0.1,1.0,0.1,0.2,1.0,0.6,0.5,0.0,0.3,0.8,1.0,0.8,0.7,0.8,0.2,0.4,0.1,0.0,0.0,0.7,0.6,0.2,0.0,0.0,0.5226666666666666,0.6
weedle,0.0,0.0,0.0,0.0,0.0,0.0,0.0,0.0,1.0,1.0,0.0,,0.3,0.0,0.0,0.0,0.0,0.0,0.0,0.0,0.0,0.0,0.0,0.0,0.0,0.0,0.0,0.0,0.0,0.0,0.0,0.0,0.0,0.0,0.0,0.0,0.0,0.0,0.0,0.0,0.0,0.0,0.0,0.0,0.0,0.0,0.0,0.0,0.0,0.0,0.0,0.0,0.0,0.0,0.0,0.0,0.0,0.0,0.0,0.0,0.0,0.0,0.0,0.0,0.0,0.0,0.0,0.0,0.0,0.0,0.0,0.0,0.0,0.0,0.0,0.0,0.0,0.0,0.0,0.0,0.0,0.0,0.0,0.0,0.0,0.0,0.0,0.0,0.0,0.0,0.0,0.0,0.0,0.0,0.0,0.0,0.0,0.0,0.0,0.0,0.0,0.0,0.0,0.0,0.0,0.0,0.0,0.0,0.0,0.0,0.0,0.0,0.0,0.0,0.0,0.0,0.0,0.0,0.0,0.0,0.0,0.0,0.0,0.0,0.0,0.0,0.0,0.9,0.0,0.0,0.0,0.0,0.0,0.0,0.0,0.0,0.0,0.0,0.0,0.0,0.0,0.0,0.0,0.0,0.0,0.0,0.0,0.0,0.0,0.0,0.021333333333333333,0.0
kakuna,0.0,0.0,0.0,0.0,0.0,0.0,0.0,0.0,1.0,1.0,0.0,0.9,,0.0,0.0,0.0,0.0,0.0,0.0,0.0,0.0,0.0,0.0,0.0,0.0,0.0,0.0,0.0,0.0,0.0,0.0,0.0,0.0,0.0,0.0,0.0,0.0,0.0,0.0,0.0,0.0,0.0,0.0,0.0,0.2,0.0,0.0,0.0,0.0,0.0,0.0,0.0,0.0,0.0,0.0,0.0,0.0,0.0,0.0,0.0,0.0,0.0,0.0,0.0,0.0,0.0,0.0,0.0,0.0,0.0,0.0,0.0,0.0,0.0,0.0,0.0,0.0,0.0,0.0,0.0,0.0,0.0,0.0,0.0,0.0,0.0,0.0,0.0,0.0,0.0,0.0,0.0,0.0,0.0,0.0,0.0,0.0,0.0,0.0,0.0,0.0,0.0,0.0,0.0,0.0,0.0,0.0,0.0,0.0,0.0,0.0,0.0,0.0,0.0,0.0,0.0,0.0,0.0,0.0,0.0,0.0,0.0,0.0,0.0,0.0,0.0,0.0,1.0,0.0,0.0,0.0,0.0,0.0,0.0,0.0,0.0,0.0,0.0,0.0,0.0,0.0,0.0,0.0,0.0,0.0,0.0,0.0,0.0,0.0,0.0,0.027333333333333334,0.0
beedrill,1.0,0.3,0.0,0.1,0.0,0.9,0.1,0.0,1.0,1.0,0.2,1.0,1.0,,0.8,0.7,0.0,0.3,0.2,0.3,0.0,0.8,0.1,0.3,0.1,0.4,0.0,1.0,0.9,0.0,0.9,0.7,0.0,0.6,0.2,0.1,0.0,0.6,0.0,1.0,0.1,1.0,0.9,0.6,0.6,0.3,0.6,0.2,0.9,0.0,0.4,0.5,0.9,0.0,1.0,0.0,0.2,0.0,0.1,0.4,0.1,0.0,0.0,0.0,0.6,0.1,0.0,1.0,1.0,0.8,0.8,0.1,1.0,0.9,0.2,0.0,0.0,0.5,0.1,0.7,0.1,0.8,0.1,0.0,0.2,0.2,0.6,0.5,0.6,0.0,0.1,0.0,0.0,1.0,0.3,0.0,0.4,0.4,0.6,0.0,0.7,0.4,0.0,0.0,0.7,0.0,0.1,0.4,0.1,1.0,0.2,0.6,0.3,0.0,0.3,0.0,0.9,0.2,0.3,0.0,0.0,0.1,0.0,0.0,0.0,0.4,0.0,1.0,0.0,0.1,1.0,0.6,0.5,0.1,0.0,0.1,0.4,0.1,0.7,0.0,0.0,0.0,0.0,0.0,0.0,0.6,0.4,0.0,0.0,0.0,0.34933333333333333,1.0
pidgey,0.3,0.1,0.4,0.0,0.0,0.1,0.0,0.0,1.0,1.0,0.2,1.0,1.0,0.0,,0.1,0.0,0.1,0.0,0.1,0.1,0.8,0.2,0.0,0.0,0.2,0.0,0.1,0.1,0.0,0.6,0.0,0.0,0.0,0.1,0.2,0.0,0.4,0.0,1.0,0.0,0.4,0.3,0.2,0.9,0.4,0.2,0.2,0.6,0.1,0.1,0.0,0.3,0.0,0.0,0.1,0.2,0.0,0.5,0.0,0.0,0.1,0.0,0.0,0.7,0.0,0.0,0.5,0.3,0.2,0.0,0.0,0.0,0.0,0.0,0.1,0.0,0.1,0.0,0.0,0.0,0.0,0.0,0.0,0.2,0.0,0.2,0.0,0.1,0.0,0.0,0.0,0.0,0.0,0.4,0.0,0.1,0.0,0.0,0.0,0.3,0.0,0.3,0.1,0.8,0.0,0.0,0.1,0.0,0.0,0.0,0.5,0.1,0.0,0.0,0.0,0.1,0.0,0.0,0.0,0.0,0.2,0.0,0.0,0.0,0.0,0.0,1.0,0.0,0.0,1.0,0.9,0.0,0.0,0.0,0.0,0.0,0.0,0.0,0.0,0.0,0.0,0.0,0.0,0.0,0.6,0.0,0.1,0.0,0.0,0.15466666666666667,0.4
pidgeotto,0.7,0.2,0.9,0.1,0.4,0.5,0.2,0.1,1.0,1.0,0.4,1.0,1.0,0.1,1.0,,0.0,0.2,0.3,0.9,0.0,1.0,0.0,0.3,0.0,0.4,0.0,0.5,0.6,0.1,0.9,0.3,0.0,0.3,0.0,0.7,0.0,0.6,0.3,1.0,0.3,0.7,0.7,0.4,1.0,0.8,0.7,0.2,1.0,0.3,0.0,0.0,0.4,0.0,1.0,0.1,0.7,0.0,0.4,0.2,0.2,0.1,0.2,0.0,1.0,0.7,0.2,0.8,0.8,0.5,0.5,0.0,0.0,0.0,0.0,0.2,0.0,0.7,0.1,0.0,0.0,1.0,0.1,0.1,0.4,0.1,0.6,0.0,0.4,0.0,0.1,0.0,0.0,0.0,0.4,0.4,0.7,0.0,0.0,0.0,0.3,0.2,0.7,0.5,1.0,0.7,0.1,0.3,0.2,0.0,0.0,0.3,0.1,0.0,0.4,0.0,0.5,0.1,0.3,0.0,0.0,0.2,0.0,0.0,0.1,0.0,0.1,1.0,0.0,0.0,1.0,0.9,0.1,0.0,0.3,0.0,0.0,0.0,0.1,0.3,0.0,0.1,0.0,0.0,0.1,0.7,0.4,0.0,0.0,0.0,0.31866666666666665,0.5
pidgeot,0.5,0.3,1.0,0.7,0.1,1.0,0.7,0.5,1.0,1.0,0.2,1.0,1.0,0.9,1.0,1.0,,1.0,0.7,1.0,0.2,1.0,1.0,0.9,0.1,0.9,0.6,0.6,0.7,0.4,1.0,0.8,0.7,0.5,0.3,1.0,0.1,1.0,0.3,1.0,1.0,0.6,0.9,0.5,1.0,1.0,0.8,0.5,1.0,1.0,1.0,0.1,0.7,0.3,1.0,0.6,1.0,0.3,0.9,0.5,0.1,1.0,0.8,0.4,0.9,0.9,0.8,0.9,0.7,0.5,1.0,0.1,0.2,0.0,0.1,1.0,0.5,0.7,0.1,0.4,0.0,0.7,1.0,0.2,0.9,0.0,1.0,0.6,0.9,0.0,0.6,0.1,0.0,0.0,0.5,0.6,1.0,0.4,0.2,0.0,0.6,0.2,1.0,1.0,1.0,0.9,0.7,1.0,0.3,0.0,0.0,0.2,0.3,0.2,0.2,0.2,0.9,0.7,1.0,0.0,0.6,0.3,0.1,0.0,0.6,1.0,0.0,1.0,0.2,0.0,1.0,1.0,0.1,0.0,0.4,0.4,0.1,0.0,0.4,0.0,0.0,0.1,0.0,0.0,0.5,0.9,0.7,0.8,0.0,0.0,0.5573333333333333,0.8
rattata,0.2,0.0,0.8,0.0,0.0,0.6,0.1,0.0,1.0,1.0,0.2,1.0,1.0,0.5,0.9,0.8,0.0,,0.0,0.8,0.0,0.7,0.3,0.1,0.0,0.8,0.1,0.9,0.5,0.1,0.7,0.9,0.0,0.8,0.0,0.3,0.1,0.3,0.1,1.0,0.4,0.6,0.2,0.0,0.4,0.1,0.5,0.1,0.4,0.3,0.1,0.0,0.8,0.0,0.8,0.0,0.7,0.0,0.3,0.1,0.1,0.2,0.0,0.0,0.3,0.0,0.0,0.7,0.2,0.0,0.2,0.1,0.8,0.2,0.3,0.0,0.0,0.2,0.0,0.1,0.1,0.2,0.0,0.0,0.2,0.0,0.9,0.0,0.8,0.0,0.5,0.4,0.2,0.9,0.5,0.0,0.7,0.1,0.1,0.0,0.2,0.0,0.9,0.5,0.1,0.0,0.0,0.1,0.1,0.4,0.1,0.4,0.1,0.0,0.2,0.0,0.2,0.1,0.0,0.0,0.0,0.0,0.0,0.0,0.1,0.0,0.0,1.0,0.0,0.0,1.0,0.3,0.1,0.0,0.3,0.2,0.1,0.0,1.0,0.0,0.0,0.0,0.0,0.0,0.0,0.7,0.2,0.0,0.0,0.0,0.2673333333333333,0.3
raticate,0.5,0.1,1.0,0.7,0.0,0.7,0.9,0.6,1.0,1.0,0.6,1.0,1.0,0.7,1.0,0.8,0.5,1.0,,1.0,0.8,1.0,1.0,1.0,0.1,1.0,0.7,0.6,1.0,0.7,1.0,0.9,0.4,0.5,0.5,1.0,0.4,1.0,0.6,1.0,1.0,0.7,0.7,0.2,0.9,0.2,0.5,0.3,1.0,0.6,1.0,0.2,1.0,0.8,1.0,1.0,0.9,0.7,1.0,0.4,0.5,1.0,0.8,0.4,1.0,0.6,0.3,1.0,0.3,0.7,1.0,0.1,1.0,0.8,0.8,0.5,0.2,1.0,0.1,0.4,0.4,0.1,0.9,0.2,1.0,0.3,1.0,0.5,1.0,0.2,1.0,0.6,0.2,1.0,0.5,0.0,1.0,1.0,0.8,0.2,0.9,0.1,1.0,0.7,0.9,0.4,0.7,1.0,0.5,1.0,0.8,0.2,0.6,0.5,0.6,0.3,0.6,0.8,1.0,0.3,0.3,0.2,1.0,0.2,0.8,0.3,0.0,1.0,0.8,0.3,1.0,0.9,0.1,0.1,0.7,0.7,1.0,0.3,1.0,0.3,0.6,0.1,0.0,0.4,0.0,1.0,0.8,0.6,0.0,0.0,0.6406666666666667,0.9
spearow,0.5,0.4,0.8,0.1,0.0,0.2,0.1,0.0,1.0,1.0,0.5,1.0,1.0,0.6,0.9,0.2,0.0,0.3,0.0,,0.0,0.9,0.0,0.0,0.0,0.2,0.0,0.3,0.0,0.0,0.8,0.0,0.1,0.2,0.0,0.7,0.0,0.6,0.6,1.0,0.3,0.4,0.5,0.3,1.0,1.0,0.3,0.1,0.3,0.3,0.3,0.0,0.2,0.0,0.8,0.0,0.3,0.0,0.1,0.0,0.0,0.0,0.0,0.0,1.0,0.1,0.1,1.0,0.3,0.4,0.2,0.0,0.0,0.0,0.0,0.2,0.0,0.3,0.0,0.0,0.0,0.3,0.0,0.0,0.1,0.0,0.3,0.2,0.1,0.0,0.0,0.0,0.0,0.0,0.6,0.0,0.3,0.0,0.0,0.0,0.2,0.0,0.3,0.1,0.3,0.0,0.0,0.3,0.0,0.1,0.0,0.3,0.3,0.0,0.1,0.1,0.2,0.0,0.0,0.0,0.0,0.0,0.1,0.0,0.0,0.0,0.0,1.0,0.0,0.0,1.0,0.4,0.1,0.0,0.0,0.0,0.0,0.0,0.0,0.0,0.0,0.0,0.0,0.0,0.0,0.3,0.0,0.0,0.0,0.0,0.20933333333333334,0.5
fearow,0.7,0.4,0.9,0.4,0.3,0.2,0.7,0.6,1.0,1.0,0.9,1.0,1.0,1.0,1.0,0.7,0.8,1.0,0.2,1.0,,1.0,1.0,1.0,0.1,1.0,0.5,0.7,0.7,0.6,0.9,0.5,0.2,0.5,0.6,0.8,0.5,1.0,0.6,1.0,0.9,1.0,0.7,0.4,1.0,1.0,1.0,0.7,1.0,0.9,1.0,0.2,1.0,0.4,1.0,0.9,0.9,0.4,1.0,0.3,0.7,0.9,1.0,0.9,1.0,1.0,0.7,1.0,0.8,0.7,1.0,0.0,0.1,0.0,0.0,1.0,0.2,0.9,0.2,0.7,0.0,0.7,1.0,0.4,0.1,0.1,1.0,0.1,0.9,0.0,0.3,0.3,0.0,0.0,0.7,0.3,1.0,0.6,0.8,0.1,0.4,0.3,0.6,0.9,1.0,0.9,0.9,0.8,0.6,0.2,0.0,0.7,0.7,0.3,0.7,0.3,0.7,0.7,1.0,0.3,0.3,0.5,1.0,0.0,1.0,1.0,0.2,1.0,0.4,0.0,1.0,1.0,0.0,0.0,0.5,0.8,0.1,0.0,0.1,0.0,0.2,0.4,0.0,0.0,0.4,1.0,0.5,0.5,0.0,0.1,0.5993333333333334,1.0
ekans,0.2,0.1,1.0,1.0,0.0,0.1,0.0,0.0,1.0,1.0,0.4,1.0,1.0,0.2,0.5,0.0,0.0,0.5,0.0,0.2,0.0,,0.0,1.0,0.2,0.1,0.0,0.9,0.3,0.0,0.9,0.2,0.0,0.1,0.0,0.4,0.1,0.5,0.0,0.8,0.1,0.4,0.0,0.0,0.5,0.1,0.3,0.0,0.0,0.0,0.0,0.0,0.4,0.0,0.0,0.0,1.0,0.0,0.2,0.0,0.0,0.0,0.0,0.0,0.1,0.1,0.0,0.3,0.1,0.0,0.5,0.0,0.1,0.0,0.0,0.3,0.1,0.1,0.0,0.9,0.0,0.0,0.0,0.0,0.0,0.0,0.7,0.3,0.5,0.0,0.5,0.1,0.0,0.0,0.1,0.0,0.4,0.0,0.0,0.2,0.0,0.0,0.0,0.0,0.2,0.0,0.0,0.7,0.0,0.1,0.0,0.1,0.0,0.0,0.0,0.0,0.0,0.0,0.0,0.0,0.0,0.5,0.0,0.0,0.0,0.0,0.0,1.0,0.0,0.0,1.0,0.0,0.0,0.0,0.0,0.0,0.1,0.0,0.8,0.2,0.2,0.0,0.0,0.0,0.1,0.5,0.0,0.0,0.0,0.0,0.184,0.0
arbok,0.0,0.1,1.0,0.4,0.0,0.8,0.1,0.0,1.0,1.0,1.0,1.0,1.0,0.9,0.9,0.8,0.0,0.7,0.0,1.0,0.1,1.0,,0.9,0.2,0.0,0.0,1.0,1.0,0.1,1.0,0.8,0.0,0.2,0.2,1.0,0.3,0.3,0.2,0.9,0.3,0.4,0.5,0.3,1.0,0.3,0.5,0.2,0.9,0.0,0.8,0.0,0.6,0.0,0.9,0.0,1.0,0.2,0.3,0.3,0.0,0.0,0.0,0.0,0.3,0.2,0.2,0.5,0.3,0.3,1.0,0.1,1.0,1.0,0.0,0.8,0.3,0.1,0.0,0.9,0.7,1.0,0.8,0.5,1.0,0.2,1.0,0.6,0.5,0.0,0.4,0.3,0.4,1.0,0.0,0.0,0.9,0.7,0.7,0.6,0.1,0.1,0.2,0.0,0.9,0.6,0.6,1.0,0.3,1.0,0.1,0.3,0.1,0.0,0.9,0.0,0.9,0.3,0.3,0.0,0.0,0.6,0.1,0.2,0.2,0.0,0.0,1.0,0.2,0.2,1.0,0.6,0.0,0.1,0.6,0.2,0.9,0.3,1.0,0.7,0.4,0.0,0.2,0.1,0.3,1.0,0.6,0.1,0.0,0.0,0.444,0.6
pikachu,0.1,0.0,0.4,0.0,0.0,0.9,0.1,0.1,1.0,1.0,0.5,1.0,1.0,0.5,1.0,0.5,0.0,0.5,0.0,1.0,0.0,0.3,0.0,,0.1,0.0,0.0,0.8,0.4,0.0,0.9,0.5,0.0,0.3,0.0,0.1,0.0,0.3,0.0,1.0,0.7,0.1,0.2,0.2,0.0,0.0,0.3,0.0,0.0,0.0,0.4,0.0,0.6,0.0,0.1,0.0,0.1,0.0,0.8,0.3,0.2,0.5,0.0,0.0,0.0,0.2,0.1,0.3,0.2,0.0,0.6,0.0,0.0,0.1,0.0,0.0,0.0,0.2,0.1,0.5,0.2,0.6,1.0,0.0,1.0,0.1,0.4,0.0,1.0,0.8,0.1,0.0,0.0,0.0,0.3,0.1,1.0,0.2,0.2,0.0,0.3,0.0,0.0,0.0,0.1,0.2,0.0,0.3,0.0,0.0,0.0,0.2,0.2,0.0,0.8,0.5,0.9,0.2,0.9,0.0,0.1,0.1,0.0,0.0,0.0,0.0,0.0,1.0,0.2,0.6,1.0,0.3,0.1,0.0,0.0,0.0,1.0,0.1,1.0,0.3,0.0,0.0,0.2,0.0,0.1,0.4,0.2,0.0,0.0,0.0,0.26466666666666666,0.3
raichu,0.4,0.0,0.7,0.9,0.6,1.0,1.0,0.9,1.0,1.0,0.6,1.0,1.0,0.8,1.0,1.0,0.9,1.0,0.7,1.0,0.9,1.0,1.0,0.9,,0.0,0.0,1.0,1.0,0.0,1.0,0.7,0.1,0.7,0.0,1.0,0.2,0.6,0.4,1.0,0.9,0.6,0.2,0.5,0.4,0.0,0.7,0.6,1.0,0.0,0.8,0.3,1.0,0.8,1.0,0.3,0.9,0.0,1.0,1.0,0.6,1.0,0.4,0.2,1.0,0.9,0.0,0.7,0.4,0.4,0.9,0.8,0.0,0.0,0.0,1.0,0.1,1.0,1.0,1.0,0.6,1.0,1.0,0.5,1.0,1.0,1.0,0.4,1.0,1.0,0.8,0.3,0.0,0.3,0.7,0.2,1.0,1.0,0.9,0.3,0.3,0.2,0.2,0.0,1.0,1.0,0.3,0.9,0.8,0.0,0.0,0.5,0.1,0.7,1.0,0.8,1.0,1.0,1.0,0.5,0.8,0.9,0.9,0.5,0.7,0.9,0.3,1.0,1.0,0.8,1.0,0.9,0.8,0.4,0.2,0.6,1.0,0.8,1.0,0.9,0.7,0.1,1.0,0.3,0.9,1.0,0.5,0.1,0.1,0.0,0.65,0.7
sandshrew,0.0,0.0,0.3,0.8,0.0,0.1,0.1,0.0,1.0,1.0,0.5,1.0,1.0,0.9,0.8,0.4,0.1,0.1,0.0,0.6,0.0,1.0,0.9,1.0,1.0,,0.1,0.8,0.0,0.0,0.9,0.1,0.0,0.3,0.0,0.6,0.0,0.5,0.0,1.0,0.0,0.4,0.4,0.3,0.1,0.0,0.4,0.1,0.8,1.0,0.1,0.0,0.0,0.0,1.0,0.4,0.9,0.0,0.4,0.0,0.0,0.0,0.0,0.0,1.0,0.3,0.0,0.2,0.0,0.0,0.2,0.2,1.0,0.9,1.0,0.6,0.1,0.0,0.0,1.0,0.9,0.5,0.4,0.0,0.0,0.0,0.9,0.8,0.0,0.0,0.3,0.1,0.5,1.0,0.1,0.0,0.1,0.0,1.0,1.0,0.1,0.0,0.2,0.1,1.0,0.0,0.0,1.0,0.3,0.8,0.2,0.3,0.0,0.0,0.0,0.1,0.0,0.0,0.1,0.0,0.1,0.4,0.0,0.7,0.0,0.1,0.0,1.0,0.1,0.0,1.0,1.0,0.1,1.0,0.0,0.1,0.3,0.0,0.1,0.0,0.2,0.0,0.0,0.1,0.0,0.1,0.0,0.0,0.0,0.0,0.32,0.1
sandslash,0.3,0.0,1.0,0.5,0.0,1.0,0.3,0.0,1.0,1.0,0.8,1.0,1.0,1.0,1.0,0.8,0.4,1.0,0.1,1.0,0.5,1.0,0.9,1.0,1.0,0.8,,1.0,1.0,0.2,1.0,1.0,0.3,0.8,0.5,1.0,0.4,0.6,0.3,1.0,0.7,0.6,0.6,0.3,0.6,0.3,0.6,0.7,0.7,0.7,0.9,0.6,1.0,0.0,1.0,1.0,1.0,0.3,0.5,0.1,0.1,0.5,0.8,0.0,1.0,0.9,0.9,0.6,0.4,0.1,0.5,0.0,1.0,1.0,0.8,1.0,0.5,0.5,0.1,1.0,1.0,1.0,0.8,0.5,0.9,0.0,1.0,1.0,1.0,0.0,0.8,0.5,0.4,0.7,0.7,0.2,1.0,0.0,1.0,0.9,0.3,0.1,0.6,0.4,1.0,1.0,0.9,1.0,1.0,1.0,0.9,0.6,0.1,0.2,0.1,0.0,0.9,0.0,0.1,0.0,0.2,1.0,0.3,1.0,1.0,0.5,0.0,1.0,0.0,0.1,1.0,1.0,0.0,1.0,0.8,1.0,1.0,0.4,1.0,0.1,0.6,0.1,0.0,0.4,0.2,0.9,0.2,0.1,0.0,0.0,0.6013333333333334,0.3
nidoran_f,0.6,0.1,0.0,0.1,0.0,0.4,0.0,0.0,1.0,1.0,0.1,1.0,1.0,0.1,0.6,0.3,0.4,0.1,0.4,0.6,0.3,0.2,0.0,0.4,0.0,0.3,0.0,,0.2,0.0,0.2,0.2,0.0,0.3,0.2,0.0,0.0,0.3,0.2,1.0,0.4,0.6,0.4,0.1,0.3,0.5,0.0,0.0,0.6,0.0,0.1,0.1,0.2,0.0,0.2,0.0,0.3,0.0,0.4,0.3,0.0,0.0,0.0,0.0,0.3,0.1,0.0,0.6,0.2,0.1,0.1,0.0,0.6,0.1,0.0,0.2,0.1,0.0,0.0,0.0,0.0,0.1,0.1,0.0,0.2,0.0,0.3,0.2,1.0,0.1,0.1,0.0,0.0,0.3,0.0,0.0,0.6,0.2,0.0,0.0,0.2,0.0,0.9,0.0,0.0,0.2,0.1,0.2,0.1,0.3,0.1,0.2,0.2,0.0,0.1,0.1,0.7,0.0,0.1,0.0,0.0,0.1,0.0,0.0,0.0,0.1,0.0,1.0,0.1,0.0,1.0,0.2,0.0,0.0,0.0,0.4,0.5,0.0,0.7,0.1,0.3,0.2,0.0,0.0,0.0,1.0,0.2,0.1,0.0,0.0,0.208,0.0
nidorina,0.1,0.4,0.4,0.0,0.1,1.0,0.2,0.0,1.0,1.0,0.1,1.0,1.0,0.0,1.0,0.9,0.1,0.8,0.1,0.8,0.2,0.7,0.0,0.3,0.0,0.9,0.0,0.9,,0.0,0.7,0.7,0.0,0.0,0.0,0.3,0.0,0.3,0.4,1.0,0.8,0.5,0.6,0.2,0.1,0.4,0.3,0.0,0.9,0.1,0.9,0.0,1.0,0.0,0.1,0.1,0.1,0.0,0.4,0.4,0.2,0.0,0.0,0.0,0.3,0.1,0.0,0.5,0.6,0.1,0.4,0.1,1.0,0.1,0.2,0.3,0.1,0.6,0.3,0.2,0.0,0.6,1.0,0.8,0.7,0.0,0.7,0.1,1.0,0.0,0.2,0.1,0.0,0.9,0.0,0.0,1.0,0.5,0.1,0.1,0.5,0.2,0.9,0.9,0.6,0.4,0.1,0.9,0.3,0.4,0.5,0.3,0.3,0.1,0.6,0.0,0.8,0.2,0.0,0.0,0.0,0.8,0.0,0.0,0.0,0.0,0.0,1.0,0.4,0.0,1.0,0.6,0.1,0.0,0.1,0.0,0.7,0.1,1.0,0.0,0.4,0.4,0.0,0.1,0.0,1.0,0.7,0.6,0.0,0.0,0.3586666666666667,0.6
nidoqueen,0.7,0.5,1.0,1.0,0.7,0.9,0.9,0.1,1.0,1.0,1.0,1.0,1.0,0.8,1.0,0.9,0.3,1.0,0.1,1.0,0.5,1.0,0.9,1.0,1.0,1.0,0.7,1.0,0.8,,1.0,1.0,0.0,0.4,0.4,1.0,0.4,0.9,0.6,1.0,1.0,0.8,0.9,0.6,0.9,0.8,0.9,0.2,0.8,0.1,1.0,0.9,1.0,0.4,1.0,0.1,1.0,0.0,0.3,0.5,0.3,0.7,0.1,0.0,1.0,0.1,0.3,0.8,0.5,0.1,1.0,0.0,1.0,1.0,1.0,1.0,1.0,1.0,0.1,1.0,1.0,1.0,1.0,0.2,0.9,0.1,1.0,1.0,1.0,0.7,0.2,0.7,0.4,1.0,0.7,0.1,1.0,1.0,1.0,1.0,0.8,0.1,0.8,0.7,1.0,0.9,0.2,1.0,1.0,1.0,1.0,0.6,0.6,0.0,1.0,0.1,1.0,0.1,0.4,0.0,0.1,0.8,0.1,1.0,1.0,0.7,0.0,1.0,0.0,0.2,1.0,0.9,0.1,1.0,1.0,0.5,0.6,0.6,1.0,0.1,0.9,0.3,0.0,0.6,0.3,1.0,0.8,0.5,0.0,0.0,0.6646666666666666,0.6
nidoran_m,0.2,0.2,0.1,0.0,0.0,0.9,0.0,0.0,1.0,1.0,0.2,1.0,1.0,0.0,0.6,0.4,0.0,0.1,0.0,0.1,0.0,0.0,0.0,0.1,0.0,0.1,0.0,0.7,0.2,0.0,,0.1,0.0,0.1,0.0,0.1,0.0,0.4,0.1,0.9,0.0,0.5,0.4,0.1,0.3,0.0,0.1,0.0,0.0,0.0,0.1,0.0,0.2,0.0,0.0,0.0,0.2,0.0,0.2,0.6,0.0,0.0,0.0,0.0,0.3,0.2,0.0,0.6,0.2,0.1,0.0,0.0,0.2,0.4,0.0,0.2,0.0,0.2,0.0,0.2,0.0,0.3,0.1,0.1,0.1,0.0,0.5,0.1,0.9,0.0,0.0,0.0,0.0,0.2,0.0,0.0,0.6,0.0,0.3,0.0,0.3,0.0,0.4,0.0,0.0,0.2,0.3,0.2,0.1,0.1,0.1,0.1,0.0,0.0,0.4,0.2,0.8,0.0,0.0,0.0,0.0,0.4,0.0,0.1,0.0,0.0,0.0,1.0,0.0,0.0,1.0,0.2,0.0,0.0,0.1,0.2,0.3,0.1,0.3,0.2,0.4,0.1,0.0,0.0,0.1,0.7,0.2,0.0,0.0,0.0,0.18133333333333335,0.5
nidorino,0.5,0.0,0.2,0.2,0.1,0.8,0.8,0.0,1.0,1.0,0.1,1.0,1.0,0.2,1.0,0.5,0.1,0.1,0.0,1.0,0.6,0.8,0.1,0.8,0.2,0.5,0.1,0.8,0.5,0.0,0.7,,0.0,0.6,0.1,0.6,0.1,0.6,0.2,1.0,0.8,0.6,0.6,0.1,0.6,0.6,0.5,0.0,0.6,0.0,0.9,0.2,1.0,0.0,0.2,0.2,0.1,0.0,0.3,0.2,0.1,0.0,0.0,0.0,0.4,0.3,0.0,0.4,0.1,0.3,0.6,0.1,1.0,0.1,0.0,0.2,0.4,0.9,0.0,0.2,0.0,0.5,0.8,0.0,0.8,0.0,0.5,0.3,0.9,0.2,0.2,0.1,0.0,0.7,0.1,0.0,1.0,0.3,0.5,0.0,0.5,0.1,0.9,0.0,0.7,0.5,0.4,0.7,0.1,0.2,0.2,0.6,0.6,0.2,0.9,0.3,0.9,0.0,0.2,0.0,0.0,0.1,0.0,0.2,0.1,0.0,0.0,1.0,0.1,0.0,1.0,0.8,0.2,0.2,0.1,0.1,0.8,0.2,0.9,0.0,0.5,0.3,0.0,0.0,0.1,1.0,0.7,0.5,0.0,0.0,0.36466666666666664,0.4
nidoking,0.6,0.0,1.0,1.0,0.1,1.0,0.9,0.5,1.0,1.0,1.0,1.0,1.0,0.7,1.0,0.9,0.9,1.0,0.7,1.0,0.5,1.0,1.0,1.0,1.0,1.0,0.7,1.0,1.0,1.0,1.0,1.0,,0.8,0.1,1.0,0.5,0.5,0.3,1.0,1.0,0.8,0.7,0.7,0.8,0.9,0.8,0.3,0.7,0.3,0.9,0.5,1.0,0.3,1.0,0.0,1.0,0.0,0.5,0.2,0.1,1.0,0.6,0.0,1.0,0.4,0.3,0.7,0.7,0.3,1.0,0.0,1.0,1.0,1.0,1.0,1.0,1.0,0.5,1.0,1.0,1.0,1.0,0.0,1.0,0.0,1.0,0.7,0.9,0.3,1.0,0.6,0.6,1.0,0.6,0.1,1.0,0.8,0.9,1.0,0.5,0.0,1.0,0.7,1.0,0.9,0.5,1.0,1.0,1.0,1.0,0.5,0.9,0.3,0.9,0.0,0.9,0.3,0.8,0.1,0.3,0.8,0.0,0.9,1.0,0.5,0.2,1.0,0.4,0.0,1.0,0.9,0.0,1.0,1.0,0.8,0.7,0.7,1.0,0.7,0.5,0.0,0.0,0.4,0.5,1.0,1.0,0.8,0.0,0.0,0.688,0.6
clefairy,0.2,0.2,0.6,0.5,0.6,0.7,0.7,0.5,1.0,1.0,0.2,1.0,1.0,0.5,1.0,0.6,0.7,0.4,0.5,0.9,0.8,0.9,0.3,0.4,0.3,0.7,0.3,0.8,0.7,0.3,0.8,0.7,0.3,,0.2,0.5,0.4,0.3,0.3,1.0,0.5,0.6,0.7,0.3,0.9,1.0,0.6,0.5,0.8,0.6,0.7,0.4,0.5,0.6,0.9,0.4,0.8,0.3,0.5,0.5,0.2,0.4,0.4,0.1,0.9,0.4,0.1,0.4,0.6,0.1,0.7,0.4,1.0,0.3,0.5,0.6,0.1,1.0,0.5,0.4,0.5,0.5,0.3,0.0,0.6,0.3,0.8,0.3,0.9,0.1,0.3,0.4,0.4,1.0,0.2,0.6,0.8,0.8,0.6,0.4,0.3,0.6,0.9,0.3,0.0,0.0,0.6,0.7,0.6,1.0,0.5,0.2,0.4,0.6,0.5,0.6,0.9,0.4,0.7,0.1,0.2,0.3,0.6,0.4,0.6,0.4,0.4,1.0,0.6,0.4,1.0,0.4,0.0,0.5,0.5,0.3,0.8,0.5,1.0,0.3,0.5,0.2,0.4,0.0,0.3,0.9,0.5,0.2,0.2,0.4,0.52,0.5
clefable,0.6,0.1,0.9,0.8,0.7,0.8,0.9,0.9,1.0,1.0,0.6,1.0,1.0,0.9,1.0,1.0,0.4,1.0,0.6,1.0,0.8,1.0,0.9,1.0,0.7,1.0,0.7,0.7,0.8,0.5,0.9,0.8,0.8,0.7,,0.9,0.7,0.4,0.5,1.0,1.0,0.8,0.6,0.7,0.9,1.0,0.9,0.3,1.0,0.6,1.0,0.4,0.9,0.7,0.9,1.0,1.0,0.8,0.6,0.6,0.5,1.0,1.0,0.7,1.0,0.7,0.8,1.0,0.6,0.6,0.9,0.4,1.0,1.0,1.0,0.9,0.8,1.0,0.6,0.7,0.6,0.9,1.0,0.5,1.0,0.8,0.8,0.4,1.0,0.7,0.8,0.2,0.2,1.0,0.6,0.4,1.0,0.8,0.8,0.4,0.7,0.3,1.0,1.0,0.4,0.7,0.4,1.0,0.7,1.0,1.0,0.5,0.7,0.6,1.0,0.9,0.7,0.8,0.6,0.5,0.4,0.7,0.4,0.7,0.5,0.8,0.1,1.0,0.6,0.6,1.0,1.0,0.6,0.6,0.6,0.8,0.6,1.0,1.0,0.5,0.6,0.4,0.5,0.3,0.8,1.0,1.0,0.9,0.5,0.7,0.7493333333333333,0.9
vulpix,0.8,0.2,0.7,1.0,0.0,0.0,0.0,0.0,1.0,1.0,0.2,1.0,1.0,0.9,1.0,0.0,0.0,1.0,0.0,0.3,0.0,0.6,0.0,1.0,0.0,0.2,0.0,0.9,0.9,0.0,0.9,0.3,0.0,0.6,0.0,,0.0,0.2,0.2,1.0,0.2,0.8,0.5,0.6,0.9,0.8,0.8,0.5,0.0,0.0,0.2,0.1,0.0,0.0,0.0,0.0,0.0,0.0,0.1,0.0,0.0,0.1,0.1,0.1,0.1,0.2,0.0,0.9,0.4,0.3,0.0,0.0,0.0,0.1,0.0,0.6,0.0,0.0,0.0,0.8,0.0,0.8,0.1,0.1,0.0,0.0,0.7,0.4,0.2,0.0,0.3,0.7,0.3,0.0,0.5,0.0,0.1,0.0,0.5,0.0,1.0,0.2,0.3,0.3,0.5,0.1,0.5,1.0,0.4,0.0,0.0,0.1,0.3,0.0,0.1,0.0,0.0,0.0,0.0,0.0,0.1,0.1,0.3,0.1,0.0,0.0,0.0,1.0,0.0,0.0,1.0,0.7,0.0,0.0,0.0,0.2,0.0,0.0,0.2,0.0,0.1,0.0,0.0,0.0,0.0,0.1,0.0,0.0,0.0,0.0,0.2693333333333333,0.9
ninetales,1.0,0.6,0.8,0.0,0.0,0.6,0.2,0.0,1.0,1.0,0.9,1.0,1.0,1.0,1.0,1.0,0.7,1.0,0.8,1.0,0.5,1.0,0.8,1.0,0.9,1.0,0.6,1.0,0.9,0.9,1.0,0.9,0.7,0.7,0.3,1.0,,0.9,0.4,1.0,1.0,1.0,1.0,0.6,1.0,0.8,0.8,0.9,0.9,0.3,1.0,0.7,0.3,0.0,1.0,0.8,1.0,0.0,0.6,0.4,0.0,1.0,0.0,0.4,0.9,1.0,1.0,0.9,0.9,0.3,1.0,0.2,1.0,0.0,0.0,1.0,0.7,0.5,0.1,1.0,1.0,1.0,1.0,0.3,0.4,0.4,0.8,1.0,0.7,0.8,1.0,0.5,0.4,0.6,0.6,0.6,0.8,0.2,0.9,0.9,1.0,0.5,1.0,0.9,1.0,1.0,0.8,0.9,0.7,0.0,0.0,0.6,1.0,0.9,0.5,0.1,0.6,0.0,0.8,0.0,0.8,0.9,0.9,0.6,1.0,1.0,0.1,1.0,0.0,0.7,1.0,1.0,0.1,0.7,0.8,0.9,0.9,0.0,0.8,0.5,0.0,0.4,0.7,0.6,0.0,1.0,0.5,0.0,0.0,0.5,0.6713333333333333,1.0
jigglypuff,0.3,0.4,0.5,0.4,0.3,0.5,0.5,0.2,1.0,1.0,0.3,1.0,1.0,0.6,0.4,0.2,0.0,0.6,0.0,0.5,0.0,0.8,0.5,0.5,0.3,0.6,0.2,0.7,0.3,0.2,0.7,0.3,0.4,0.2,0.5,0.6,0.4,,0.3,0.7,0.5,0.4,0.4,0.7,0.3,0.3,0.4,0.2,0.3,0.6,0.1,0.4,0.4,0.2,0.4,0.3,0.3,0.2,0.6,0.3,0.1,0.4,0.3,0.3,0.5,0.4,0.2,0.3,0.4,0.5,0.5,0.2,0.6,0.4,0.4,0.1,0.5,0.7,0.4,0.4,0.3,0.3,0.6,0.0,0.2,0.2,0.3,0.2,0.7,0.6,0.4,0.2,0.1,0.7,0.4,0.5,0.5,0.1,0.4,0.4,0.3,0.4,0.9,0.4,0.0,0.0,0.5,0.7,0.6,0.2,0.1,0.1,0.0,0.1,0.3,0.2,0.8,0.3,0.4,0.2,0.2,0.5,0.5,0.1,0.4,0.4,0.0,1.0,0.5,0.3,0.8,0.3,0.3,0.2,0.5,0.7,0.5,0.3,0.3,0.7,0.6,0.0,0.0,0.2,0.3,0.7,0.4,0.2,0.0,0.3,0.386,0.3
wigglytuff,0.3,0.3,0.5,0.7,0.7,0.7,0.8,0.5,1.0,1.0,0.4,1.0,1.0,0.9,1.0,0.6,0.4,0.7,0.3,0.8,0.2,0.9,0.9,0.9,0.5,1.0,0.7,0.9,1.0,0.6,0.8,1.0,0.6,0.6,0.7,0.7,0.3,0.9,,1.0,0.8,1.0,0.6,0.3,1.0,0.5,0.5,0.3,1.0,0.8,0.8,0.5,1.0,0.6,0.8,0.4,0.8,0.4,0.8,0.7,0.0,1.0,0.8,0.5,0.8,0.6,0.1,1.0,0.4,0.4,0.6,0.3,1.0,0.8,0.6,0.4,0.9,1.0,0.6,0.8,0.6,0.8,0.7,0.5,0.8,0.5,0.7,0.7,1.0,0.2,0.8,0.6,0.5,1.0,0.4,0.4,1.0,0.9,1.0,0.6,0.5,0.6,0.9,0.8,0.3,0.4,0.9,0.8,0.5,0.7,0.8,0.3,0.3,0.6,0.8,0.4,0.9,0.6,0.8,0.5,0.3,0.8,0.5,0.5,0.9,0.7,0.2,1.0,1.0,0.4,1.0,0.8,0.4,0.2,0.6,1.0,0.7,0.2,0.8,0.6,0.7,0.6,0.4,0.8,0.5,1.0,0.8,0.6,0.2,0.7,0.6633333333333333,0.5
zubat,0.1,0.0,0.2,0.1,0.0,0.0,0.0,0.0,1.0,1.0,0.0,1.0,1.0,0.0,0.0,0.0,0.0,0.0,0.0,0.0,0.0,0.0,0.0,0.0,0.0,0.1,0.1,0.1,0.0,0.0,0.0,0.0,0.0,0.0,0.0,0.1,0.0,0.2,0.0,,0.0,0.2,0.1,0.0,0.0,0.0,0.0,0.0,0.2,0.0,0.0,0.0,0.0,0.0,0.0,0.0,0.0,0.0,0.0,0.0,0.0,0.0,0.0,0.0,0.0,0.0,0.0,0.1,0.1,0.0,0.0,0.0,0.4,0.1,0.0,0.1,0.0,0.0,0.0,0.0,0.0,0.0,0.0,0.0,0.0,0.0,0.0,0.0,0.0,0.0,0.0,0.0,0.0,0.4,0.0,0.0,0.2,0.0,0.0,0.0,0.0,0.0,0.0,0.0,0.0,0.0,0.0,0.0,0.0,0.0,0.0,0.0,0.0,0.0,0.0,0.0,0.0,0.0,0.0,0.0,0.0,0.0,0.0,0.0,0.0,0.0,0.0,1.0,0.0,0.0,0.4,0.0,0.0,0.0,0.0,0.0,0.0,0.0,0.7,0.0,0.0,0.0,0.0,0.0,0.0,0.2,0.0,0.0,0.0,0.0,0.06133333333333333,0.0
golbat,0.6,0.1,0.9,0.6,0.0,0.6,0.1,0.0,1.0,1.0,0.1,1.0,1.0,1.0,1.0,0.9,0.1,0.7,0.1,0.6,0.1,1.0,0.6,0.2,0.1,1.0,0.1,0.3,0.3,0.2,0.8,0.4,0.0,0.8,0.3,0.6,0.2,0.8,0.2,1.0,,0.7,0.1,0.2,0.7,0.4,0.7,0.1,1.0,0.4,0.7,0.3,0.9,0.2,0.6,0.0,0.7,0.0,0.3,0.1,0.1,0.9,0.1,0.0,0.6,0.1,0.1,0.6,0.2,0.1,0.9,0.1,1.0,1.0,0.9,0.5,0.1,0.4,0.0,0.4,0.0,0.5,0.8,0.0,0.2,0.0,0.8,0.0,0.9,0.0,0.0,0.0,0.0,1.0,0.4,0.0,0.9,0.7,0.1,0.0,0.4,0.0,0.9,0.3,0.9,0.5,0.2,0.3,0.0,1.0,0.9,0.3,0.2,0.0,0.2,0.2,0.3,0.1,0.9,0.0,0.1,0.0,0.0,0.1,0.1,0.1,0.0,1.0,0.1,0.0,1.0,0.6,0.0,0.0,0.0,0.4,0.5,0.4,0.9,0.9,0.1,0.0,0.0,0.0,0.1,1.0,0.2,0.0,0.0,0.0,0.3913333333333333,0.6
oddish,0.3,0.0,0.5,0.0,0.1,0.6,0.8,0.4,1.0,1.0,0.3,1.0,1.0,0.0,0.3,0.7,0.1,0.4,0.5,0.9,0.0,0.6,0.6,0.9,0.5,0.7,0.3,0.5,0.3,0.1,0.8,0.6,0.2,0.3,0.2,0.0,0.0,0.5,0.2,0.7,0.4,,0.2,0.4,0.7,0.3,0.2,0.6,0.8,0.4,0.7,0.5,0.6,0.4,0.3,0.2,0.6,0.0,0.6,0.7,0.2,0.0,0.0,0.0,0.6,0.4,0.1,0.3,0.4,0.3,0.4,0.1,0.5,0.5,0.8,0.2,0.1,0.7,0.6,0.8,0.4,0.6,0.0,0.0,0.5,0.1,0.4,0.2,0.5,0.3,0.0,0.0,0.0,0.5,0.2,0.0,0.8,0.9,0.8,0.5,0.4,0.0,0.4,0.6,0.7,0.8,0.5,0.3,0.3,1.0,0.9,0.4,0.1,0.0,0.6,0.2,1.0,0.4,0.1,0.0,0.0,0.6,0.1,0.5,0.1,0.4,0.0,1.0,0.1,0.1,0.6,0.5,0.2,0.1,0.3,0.3,0.5,0.1,0.3,0.4,0.0,0.2,0.2,0.0,0.0,0.5,0.3,0.0,0.0,0.0,0.37733333333333335,0.3
gloom,0.3,0.4,0.7,0.3,0.0,0.8,0.6,0.4,1.0,1.0,0.4,1.0,1.0,0.0,0.8,0.5,0.3,0.9,0.7,0.4,0.3,0.9,0.6,0.6,0.5,0.8,0.4,0.5,0.3,0.1,0.9,0.7,0.3,0.4,0.5,0.5,0.0,0.3,0.1,1.0,0.7,0.4,,0.6,0.8,0.6,0.3,0.4,0.9,0.6,0.4,0.6,0.6,0.4,1.0,0.4,0.6,0.2,0.1,0.5,0.4,0.5,0.2,0.0,0.7,0.4,0.3,0.5,0.4,0.1,0.4,0.6,1.0,0.6,0.7,0.5,0.1,0.7,0.5,0.8,0.5,0.6,0.7,0.1,0.6,0.0,0.8,0.4,0.8,0.2,0.0,0.0,0.0,0.6,0.6,0.1,1.0,0.6,0.8,0.4,0.5,0.0,1.0,0.7,0.6,0.7,0.6,0.8,0.4,1.0,0.5,0.3,0.3,0.4,0.8,0.6,0.8,0.6,0.7,0.1,0.4,0.7,0.0,0.4,0.2,0.6,0.4,1.0,0.2,0.0,1.0,0.6,0.6,0.6,0.1,0.6,0.8,0.4,0.7,0.7,0.2,0.4,0.0,0.1,0.1,0.6,0.2,0.2,0.0,0.1,0.49066666666666664,0.8
vileplume,0.5,0.1,0.3,0.5,0.6,1.0,0.6,0.6,1.0,1.0,0.3,1.0,1.0,0.5,0.7,0.6,0.3,0.9,0.7,0.6,0.4,0.8,0.8,0.8,0.9,0.9,0.8,0.5,0.6,0.4,0.8,0.6,0.3,0.4,0.6,0.5,0.2,0.6,0.8,1.0,0.7,0.7,0.7,,1.0,0.5,0.8,0.2,0.9,0.6,0.8,0.7,0.8,0.6,1.0,0.7,0.4,0.3,0.7,0.4,0.6,0.7,0.5,0.3,0.9,0.4,0.6,0.9,0.5,0.5,0.5,0.3,0.7,0.9,0.8,0.7,0.3,0.6,0.6,0.9,0.8,0.8,0.9,0.4,1.0,0.6,0.9,0.7,0.9,0.6,0.0,0.0,0.0,0.9,0.9,0.1,1.0,0.9,0.7,0.7,0.7,0.4,0.8,0.9,0.9,0.5,0.5,0.9,0.6,1.0,0.9,0.5,0.1,0.3,0.7,0.4,0.8,0.5,0.5,0.5,0.2,0.6,0.6,0.7,0.7,0.8,0.3,1.0,0.3,0.4,1.0,0.8,0.3,0.4,0.3,0.6,0.9,0.7,0.7,0.7,0.3,0.5,0.0,0.3,0.0,0.8,0.5,0.5,0.0,0.2,0.606,0.4
paras,0.2,0.1,0.2,0.1,0.1,0.5,0.2,0.1,1.0,1.0,0.4,0.8,0.6,0.4,0.0,0.0,0.0,0.5,0.1,0.0,0.0,0.6,0.0,1.0,0.9,1.0,0.4,0.5,0.7,0.1,0.8,0.5,0.0,0.1,0.1,0.1,0.2,0.5,0.1,0.7,0.0,0.3,0.2,0.0,,0.2,0.5,0.4,0.8,0.8,0.9,0.4,0.9,0.0,0.5,0.6,0.4,0.0,0.3,0.5,0.1,0.1,0.7,0.0,0.0,0.2,0.1,0.1,0.2,0.0,0.1,0.0,1.0,0.1,0.3,0.4,0.1,0.8,0.2,0.8,0.6,0.0,0.0,0.0,0.4,0.0,0.3,0.0,0.5,0.0,0.5,0.7,0.4,0.9,0.4,0.7,0.8,0.4,0.9,0.9,0.3,0.2,0.1,0.2,0.7,0.6,0.0,0.0,0.0,0.4,0.0,0.0,0.3,0.2,0.6,0.1,0.9,0.0,0.3,0.2,0.6,0.0,0.0,0.9,0.1,0.1,0.0,1.0,0.1,0.0,0.9,0.6,0.0,0.6,0.2,0.2,0.0,0.1,0.8,0.4,0.1,0.1,0.2,0.0,0.0,0.1,0.0,0.0,0.0,0.1,0.32466666666666666,0.4
parasect,0.3,0.4,0.2,0.0,0.4,0.8,0.5,0.6,1.0,1.0,0.4,1.0,1.0,0.7,0.7,0.1,0.0,0.6,0.8,0.0,0.0,1.0,0.9,1.0,1.0,0.9,0.9,0.9,0.6,0.3,0.8,0.8,0.0,0.1,0.2,0.3,0.0,0.9,0.1,1.0,0.7,0.7,0.6,0.3,0.7,,0.8,0.4,0.9,1.0,0.9,1.0,0.9,0.3,1.0,0.7,0.1,0.1,0.4,0.7,0.2,0.7,1.0,0.5,0.6,0.1,0.1,0.5,0.4,0.2,0.8,0.6,0.9,0.9,0.3,0.1,0.1,1.0,0.1,1.0,0.9,0.1,0.0,0.0,0.7,0.1,0.8,0.0,0.5,0.2,0.6,0.6,0.7,0.7,0.4,0.8,1.0,0.7,1.0,0.8,0.3,0.1,0.7,0.1,0.8,0.4,0.1,0.1,0.0,1.0,0.4,0.2,0.5,0.2,0.6,0.4,0.8,0.4,0.6,0.2,0.7,0.7,0.1,0.7,0.0,0.9,0.2,1.0,0.0,0.1,1.0,0.9,0.5,0.9,0.0,0.7,0.8,0.5,0.8,0.6,0.0,0.1,0.1,0.0,0.0,0.3,0.1,0.2,0.0,0.3,0.504,0.4
venonat,0.6,0.3,0.0,0.0,0.1,0.8,0.4,0.1,1.0,1.0,0.5,1.0,1.0,0.4,0.6,0.6,0.0,0.8,0.4,0.7,0.0,0.7,0.4,0.7,0.3,0.4,0.3,1.0,0.6,0.2,0.7,0.8,0.1,0.3,0.1,0.1,0.1,0.5,0.8,1.0,0.6,0.6,0.6,0.2,0.7,0.2,,0.4,0.9,0.4,0.8,0.3,0.7,0.1,0.5,0.4,0.3,0.0,0.4,0.5,0.4,0.0,0.0,0.0,0.9,0.7,0.2,0.8,0.1,0.3,0.8,0.1,0.8,0.6,0.2,0.1,0.0,0.6,0.1,0.5,0.5,0.5,0.0,0.0,0.5,0.0,0.9,0.3,0.7,0.0,0.4,0.0,0.0,0.7,0.3,0.0,0.4,0.2,0.3,0.4,0.3,0.0,0.7,0.4,0.8,0.7,0.2,0.9,0.1,0.8,0.4,0.4,0.0,0.1,0.5,0.3,0.6,0.2,0.3,0.0,0.0,0.3,0.0,0.1,0.0,0.5,0.0,1.0,0.0,0.0,1.0,0.5,0.0,0.3,0.0,0.3,0.9,0.1,0.8,0.8,0.2,0.1,0.0,0.0,0.0,0.4,0.1,0.0,0.0,0.0,0.378,0.3
venomoth,0.5,0.4,0.7,0.8,0.2,0.8,0.8,0.8,1.0,1.0,0.6,1.0,1.0,0.6,0.8,0.8,0.4,0.9,0.7,0.9,0.3,1.0,1.0,1.0,0.6,0.9,0.5,1.0,0.8,0.8,1.0,0.8,0.7,0.7,0.5,0.7,0.1,0.9,0.4,1.0,0.8,0.4,0.4,0.4,0.8,0.8,0.9,,1.0,0.8,0.9,0.6,0.9,0.6,1.0,0.8,0.7,0.3,0.6,0.8,0.6,0.7,0.5,0.2,1.0,0.9,0.9,0.8,0.9,0.6,1.0,0.8,0.8,0.9,0.9,0.8,0.2,0.7,0.5,0.8,0.5,0.6,0.8,0.0,1.0,0.5,1.0,0.6,0.9,0.8,1.0,0.5,0.5,0.9,0.7,0.3,0.9,0.6,0.6,0.8,0.5,0.3,1.0,0.8,1.0,1.0,0.4,0.8,0.9,0.9,0.8,0.6,0.6,0.5,0.9,0.9,1.0,0.6,0.8,0.2,0.5,0.9,0.3,0.5,0.1,0.7,0.7,1.0,0.7,0.3,1.0,0.9,0.6,0.6,0.3,0.7,1.0,1.0,1.0,1.0,0.3,0.4,0.2,0.4,0.3,0.9,0.7,0.6,0.0,0.0,0.6893333333333334,0.4
diglett,0.1,0.0,1.0,0.8,0.0,0.2,0.1,0.0,1.0,1.0,0.5,1.0,1.0,0.2,0.5,0.1,0.1,0.8,0.0,0.7,0.0,1.0,0.0,1.0,0.0,0.2,0.1,0.7,0.1,0.3,1.0,0.4,0.1,0.0,0.0,1.0,0.0,0.4,0.0,0.8,0.0,0.3,0.2,0.5,0.2,0.0,0.3,0.2,,0.0,0.7,0.0,0.3,0.0,0.8,0.0,0.9,0.3,0.6,0.0,0.0,1.0,0.0,0.0,0.2,0.0,0.0,0.7,0.1,0.0,1.0,0.1,0.0,0.0,0.0,0.8,0.1,0.0,0.0,0.9,0.2,0.0,0.2,0.1,0.0,0.0,0.9,0.1,0.0,0.0,1.0,0.6,0.4,0.0,0.5,0.0,0.1,0.0,0.8,0.1,0.0,0.0,0.1,0.0,0.4,0.0,0.0,0.4,0.0,0.0,0.0,0.1,0.0,0.0,0.1,0.0,0.0,0.0,0.2,0.0,0.0,0.1,0.0,0.0,0.5,0.1,0.0,1.0,0.1,0.0,1.0,0.1,0.0,0.0,0.2,0.0,0.4,0.3,0.2,0.4,0.0,0.0,0.0,0.0,0.3,0.3,0.1,0.1,0.0,0.0,0.254,0.2
dugtrio,0.4,0.0,1.0,1.0,0.8,0.7,0.2,0.2,1.0,1.0,0.9,1.0,1.0,0.8,0.9,0.7,0.0,0.6,0.3,0.9,0.1,1.0,0.9,1.0,1.0,0.0,0.2,1.0,1.0,1.0,1.0,1.0,0.7,0.7,0.2,1.0,0.9,0.6,0.1,0.9,0.3,0.5,0.3,0.1,0.4,0.1,0.8,0.3,1.0,,0.7,0.4,1.0,0.1,0.9,0.9,1.0,1.0,0.7,0.3,0.0,1.0,0.8,0.2,1.0,0.6,0.1,0.6,0.4,0.2,1.0,0.3,0.8,0.0,0.0,1.0,0.9,0.4,0.0,1.0,1.0,0.2,0.5,0.0,0.5,0.0,1.0,0.3,0.3,0.0,1.0,1.0,1.0,1.0,0.7,0.7,0.6,0.0,1.0,0.7,0.5,0.0,0.3,0.5,1.0,0.4,0.7,0.9,0.8,0.8,0.0,0.5,0.3,0.0,0.6,0.1,1.0,0.0,0.0,0.0,0.9,0.7,0.5,0.9,1.0,0.1,0.0,1.0,0.0,0.0,1.0,0.8,0.2,0.9,1.0,0.4,0.5,0.5,1.0,0.5,0.6,0.0,0.2,0.3,0.8,0.6,0.6,0.1,0.0,0.1,0.5626666666666666,0.5
meowth,0.3,0.0,0.7,0.3,0.0,1.0,0.6,0.1,1.0,1.0,0.2,1.0,1.0,0.5,1.0,1.0,0.0,0.9,0.0,0.9,0.0,1.0,0.5,0.6,0.0,0.4,0.0,0.9,0.1,0.0,0.9,0.3,0.1,0.4,0.3,0.7,0.0,0.9,0.1,1.0,0.4,0.4,0.3,0.0,0.4,0.0,0.4,0.3,0.3,0.2,,0.0,0.9,0.5,0.8,0.1,0.7,0.0,0.6,0.1,0.1,0.6,0.2,0.0,0.6,0.1,0.1,0.3,0.3,0.1,0.3,0.0,1.0,0.7,0.2,0.4,0.2,0.3,0.0,0.5,0.1,0.3,0.1,0.1,0.1,0.0,0.5,0.3,0.9,0.4,0.0,0.0,0.0,1.0,0.4,0.0,0.9,0.2,0.1,0.0,0.0,0.0,0.5,0.2,0.1,0.1,0.5,0.6,0.0,0.9,0.0,0.4,0.0,0.0,0.5,0.0,1.0,0.4,0.9,0.3,0.2,0.0,0.0,0.1,0.2,0.0,0.0,1.0,0.0,0.2,1.0,0.9,0.0,0.3,0.0,0.0,0.2,0.0,1.0,0.1,0.0,0.0,0.0,0.0,0.0,0.9,0.3,0.0,0.0,0.0,0.34,0.7
persian,0.3,0.4,1.0,0.7,0.4,1.0,1.0,0.5,1.0,1.0,0.5,1.0,1.0,0.2,1.0,0.9,0.9,1.0,1.0,1.0,0.8,1.0,1.0,1.0,0.9,1.0,0.5,0.9,0.9,0.3,1.0,0.9,0.3,0.7,0.2,1.0,0.5,0.7,0.5,1.0,0.9,0.6,0.4,0.2,0.3,0.0,0.8,0.4,1.0,0.5,1.0,,0.8,0.6,1.0,0.9,0.8,0.4,1.0,0.8,0.4,1.0,0.9,0.3,1.0,0.4,0.6,1.0,0.7,0.3,1.0,0.4,1.0,1.0,0.9,1.0,0.6,1.0,0.7,0.2,0.2,0.9,1.0,0.6,0.9,0.3,0.9,0.1,1.0,0.5,0.5,0.0,0.0,1.0,0.6,0.2,1.0,1.0,0.6,0.4,0.3,0.1,0.9,0.5,0.8,0.4,0.3,1.0,0.4,1.0,1.0,0.4,0.1,0.3,0.8,0.4,1.0,0.9,0.9,0.1,0.8,1.0,0.8,1.0,1.0,0.6,0.2,1.0,1.0,0.5,1.0,1.0,0.4,0.3,0.8,0.8,1.0,0.4,1.0,1.0,0.3,0.4,0.3,0.3,0.4,1.0,0.8,0.4,0.0,0.1,0.6746666666666666,0.6
psyduck,0.0,0.0,1.0,0.5,0.2,0.5,0.0,0.1,1.0,1.0,0.2,1.0,1.0,0.1,1.0,0.4,0.4,0.5,0.1,0.7,0.0,0.7,0.3,0.6,0.0,1.0,0.1,0.6,0.0,0.0,1.0,0.2,0.1,0.2,0.1,1.0,0.6,0.5,0.5,0.9,0.2,0.3,0.1,0.2,0.2,0.2,0.4,0.1,0.7,0.1,0.1,0.0,,0.0,0.5,0.1,0.9,0.2,0.3,0.2,0.0,0.4,0.1,0.0,0.8,0.2,0.5,0.3,0.0,0.0,0.8,0.1,1.0,0.9,0.8,0.5,0.2,0.1,0.0,0.2,0.0,0.0,0.8,0.1,0.4,0.1,0.9,0.1,0.5,0.0,0.4,0.1,0.0,1.0,0.4,0.0,0.2,0.3,0.0,0.0,0.6,0.3,1.0,1.0,0.3,0.1,0.0,0.2,0.2,1.0,0.9,0.0,0.1,0.0,0.6,0.2,0.3,0.0,0.0,0.1,0.3,0.2,0.1,0.0,0.4,0.5,0.0,1.0,0.0,0.0,1.0,0.2,0.0,0.0,0.4,0.2,0.7,0.1,0.5,0.0,0.3,0.1,0.1,0.0,0.0,0.7,0.2,0.1,0.0,0.0,0.33066666666666666,0.5
golduck,0.3,0.5,0.9,1.0,0.8,0.9,0.6,0.6,1.0,1.0,0.4,1.0,1.0,0.9,1.0,0.9,0.6,1.0,0.6,1.0,0.3,1.0,1.0,0.9,0.1,1.0,1.0,1.0,1.0,0.8,0.9,1.0,0.5,0.6,0.2,1.0,0.9,0.7,0.5,1.0,0.7,0.8,0.4,0.7,1.0,0.3,0.6,0.1,0.8,1.0,0.9,0.6,0.9,,1.0,0.5,1.0,0.7,0.8,0.5,0.3,0.9,0.6,0.3,1.0,1.0,0.3,0.6,0.6,0.1,1.0,0.8,1.0,0.9,1.0,1.0,1.0,0.9,0.0,0.9,0.0,1.0,1.0,0.0,1.0,0.6,1.0,0.6,0.9,0.4,1.0,0.3,0.4,1.0,0.6,0.4,0.7,0.7,0.2,0.1,0.8,0.2,1.0,1.0,0.9,0.9,0.8,1.0,0.1,1.0,1.0,0.3,0.6,0.2,1.0,0.7,0.9,0.8,0.5,0.0,0.1,0.7,0.8,0.4,0.9,0.9,0.2,1.0,0.2,0.0,1.0,0.7,0.8,0.1,1.0,0.6,1.0,1.0,1.0,0.5,0.9,0.4,0.3,0.1,0.5,1.0,0.9,1.0,0.0,0.0,0.6873333333333334,0.6
mankey,0.1,0.0,0.8,0.2,0.0,0.9,0.5,0.0,1.0,1.0,0.8,1.0,1.0,0.2,0.9,0.1,0.0,0.3,0.1,0.1,0.0,1.0,0.3,0.9,0.2,0.0,0.0,0.9,0.9,0.0,1.0,0.9,0.0,0.7,0.1,1.0,0.0,0.8,0.1,1.0,0.1,0.0,0.3,0.2,0.3,0.2,0.3,0.0,0.2,0.3,0.1,0.0,0.8,0.0,,0.1,0.9,0.0,0.4,0.3,0.0,0.0,0.0,0.0,0.4,0.0,0.0,0.3,0.3,0.0,0.7,0.0,0.4,0.3,0.0,0.1,0.0,0.1,0.0,0.6,0.5,0.0,0.0,0.0,0.3,0.0,0.7,0.2,0.9,0.0,0.3,0.2,0.0,0.3,0.0,0.0,0.4,0.0,0.0,0.1,0.0,0.0,0.1,0.0,0.3,0.1,0.2,1.0,0.3,0.0,0.0,0.3,0.0,0.0,0.5,0.0,0.7,0.4,0.2,0.0,0.0,0.0,0.0,0.0,0.0,0.0,0.0,1.0,0.0,0.0,1.0,0.5,0.0,0.0,0.1,0.2,0.0,0.1,0.8,0.0,0.0,0.0,0.0,0.0,0.0,0.2,0.1,0.0,0.0,0.0,0.258,0.2
primeape,0.6,0.1,1.0,0.9,0.5,0.8,1.0,0.8,1.0,1.0,1.0,1.0,1.0,1.0,0.9,1.0,0.6,1.0,0.2,1.0,0.2,1.0,0.9,1.0,0.8,0.5,0.1,1.0,1.0,0.8,1.0,0.9,1.0,0.4,0.4,1.0,0.4,0.7,0.5,1.0,0.8,0.8,0.7,0.4,0.6,0.0,0.5,0.3,1.0,0.1,1.0,0.2,0.9,0.7,0.9,,1.0,0.5,0.6,0.5,0.0,1.0,0.0,0.0,0.9,0.7,0.0,0.6,0.6,0.1,1.0,0.3,0.0,0.0,0.1,1.0,0.3,1.0,0.2,1.0,1.0,0.6,0.9,0.0,0.9,0.8,1.0,0.9,1.0,0.4,1.0,0.9,0.3,0.0,0.2,0.0,1.0,1.0,1.0,0.4,0.2,0.0,0.7,0.2,1.0,0.5,0.7,1.0,0.9,0.0,0.0,0.5,0.2,0.0,1.0,0.3,1.0,0.5,0.8,0.0,0.0,0.7,0.1,0.2,0.8,0.2,0.4,1.0,0.8,0.3,1.0,0.8,0.6,0.3,0.7,1.0,1.0,0.4,1.0,0.6,0.1,0.6,0.7,0.2,0.7,0.6,0.5,0.2,0.0,0.0,0.6026666666666667,0.8
growlithe,0.5,0.0,1.0,0.0,0.0,0.0,0.0,0.0,1.0,1.0,0.4,1.0,1.0,1.0,0.9,0.2,0.1,0.6,0.3,0.4,0.1,0.0,0.0,1.0,0.1,0.2,0.0,1.0,0.9,0.0,1.0,0.7,0.0,0.2,0.0,1.0,0.0,0.7,0.2,1.0,0.0,0.8,0.9,0.6,0.7,0.7,0.9,0.3,0.1,0.0,0.5,0.0,0.2,0.0,0.1,0.0,,0.0,0.2,0.0,0.0,0.3,0.1,0.0,0.9,0.0,0.0,0.4,0.6,0.1,0.1,0.0,0.0,0.0,0.0,0.8,0.5,0.5,0.0,1.0,0.0,0.3,0.3,0.0,0.0,0.0,0.9,0.1,0.0,0.0,0.7,0.2,0.4,0.0,0.4,0.0,0.1,0.0,0.8,0.1,0.5,0.1,0.5,0.0,0.5,0.2,0.7,0.9,0.1,0.0,0.1,0.3,0.3,0.1,0.2,0.0,0.0,0.0,0.0,0.0,0.0,0.2,0.2,0.2,0.3,0.6,0.0,1.0,0.0,0.0,1.0,0.2,0.0,0.1,0.1,0.3,0.2,0.0,0.7,0.0,0.0,0.0,0.0,0.0,0.0,0.4,0.0,0.0,0.0,0.0,0.2906666666666667,0.5
arcanine,1.0,0.6,1.0,0.8,0.1,1.0,0.6,0.3,1.0,1.0,0.8,1.0,1.0,1.0,0.9,0.9,0.6,1.0,0.4,1.0,0.7,1.0,0.8,1.0,1.0,0.9,0.9,1.0,0.9,0.8,1.0,1.0,0.7,0.9,0.3,1.0,1.0,0.6,0.3,1.0,1.0,1.0,1.0,0.6,1.0,1.0,0.9,0.5,0.7,0.1,1.0,0.7,1.0,0.3,1.0,0.5,1.0,,0.4,0.5,0.1,1.0,0.9,0.6,1.0,0.8,0.8,1.0,0.9,0.6,1.0,0.1,0.0,0.0,0.0,1.0,1.0,1.0,0.1,1.0,1.0,0.8,1.0,0.2,0.9,0.3,1.0,0.9,0.6,0.7,1.0,0.9,0.5,0.0,0.6,0.3,1.0,0.2,1.0,1.0,1.0,0.4,0.9,1.0,0.9,1.0,1.0,1.0,1.0,0.0,0.0,0.6,0.6,1.0,0.8,0.3,0.8,0.2,0.2,0.0,1.0,1.0,0.5,0.7,0.9,1.0,0.4,1.0,0.0,0.1,1.0,0.9,0.1,0.9,0.9,0.9,0.9,0.1,1.0,1.0,0.2,0.5,0.9,0.2,0.3,0.8,0.5,0.0,0.0,0.0,0.7013333333333334,1.0
poliwag,0.4,0.4,1.0,0.6,0.6,0.4,0.5,0.1,1.0,1.0,0.3,1.0,1.0,0.7,0.5,0.5,0.2,0.6,0.0,0.8,0.0,0.7,0.2,0.2,0.0,0.8,0.7,0.4,0.5,0.5,0.9,0.3,0.5,0.7,0.3,0.8,0.2,0.5,0.2,0.9,0.6,0.6,0.5,0.8,0.4,0.2,0.6,0.5,0.7,0.6,0.4,0.0,0.6,0.2,0.8,0.3,0.9,0.4,,0.3,0.4,0.5,0.0,0.0,0.6,0.4,0.7,0.6,0.6,0.4,0.4,0.1,1.0,0.9,0.6,0.7,0.6,0.3,0.1,0.3,0.5,0.7,0.7,0.1,0.3,0.4,0.9,0.5,0.6,0.4,0.5,0.0,0.0,1.0,0.5,0.5,0.7,0.3,0.0,0.0,0.2,0.2,1.0,0.8,0.9,0.7,0.4,0.6,0.5,1.0,0.3,0.6,0.4,0.3,0.8,0.5,0.6,0.5,0.5,0.0,0.1,0.1,0.2,0.0,0.6,0.5,0.0,1.0,0.5,0.1,0.7,0.3,0.3,0.0,0.7,0.3,0.8,0.4,0.8,0.6,0.4,0.3,0.3,0.0,0.4,0.4,0.4,0.3,0.0,0.0,0.4666666666666667,0.6
poliwhirl,0.5,0.5,1.0,0.8,0.8,0.7,0.7,0.8,1.0,1.0,0.8,1.0,1.0,0.8,0.9,0.7,0.6,0.6,0.5,1.0,0.6,1.0,0.7,0.5,0.0,0.9,0.8,1.0,0.8,0.4,0.8,0.5,0.5,0.7,0.3,1.0,0.7,0.6,0.4,1.0,0.7,0.4,0.5,0.4,0.6,0.2,0.8,0.4,1.0,0.7,0.7,0.1,0.4,0.6,0.8,0.4,1.0,0.9,0.7,,0.6,0.7,0.3,0.6,0.9,1.0,0.7,0.5,0.4,0.5,0.9,0.6,1.0,0.9,0.9,1.0,0.4,0.5,0.6,0.5,0.6,0.8,0.8,0.6,0.4,0.7,0.8,0.6,0.8,0.4,0.8,0.1,0.0,1.0,0.8,0.6,0.7,0.4,0.4,0.0,0.8,0.4,1.0,1.0,0.9,1.0,0.8,0.6,0.6,1.0,1.0,0.5,0.7,0.0,0.8,0.6,0.8,0.3,0.7,0.2,0.8,0.4,0.6,0.0,0.6,0.3,0.7,1.0,0.6,0.2,1.0,0.6,0.6,0.0,0.5,0.6,0.9,0.6,1.0,0.7,0.7,0.5,0.6,0.0,0.7,0.7,0.9,0.7,0.0,0.4,0.6406666666666667,0.5
poliwrath,0.5,0.1,0.9,1.0,0.7,0.6,0.8,0.5,1.0,1.0,0.5,1.0,1.0,1.0,1.0,0.7,0.6,1.0,0.9,1.0,0.5,1.0,1.0,0.8,0.4,0.9,0.9,1.0,0.8,0.5,1.0,0.7,0.4,0.8,0.6,1.0,1.0,0.9,0.9,1.0,0.9,0.9,0.5,0.5,0.7,0.7,0.8,0.6,1.0,1.0,0.8,0.6,1.0,0.6,1.0,0.7,1.0,0.8,0.6,0.5,,0.5,0.1,0.0,1.0,1.0,0.7,0.6,0.7,0.5,1.0,0.8,1.0,1.0,1.0,1.0,1.0,0.9,0.3,0.7,0.3,0.9,0.4,0.2,1.0,0.8,0.9,0.8,1.0,0.5,0.3,0.3,0.1,1.0,0.5,0.2,1.0,0.4,0.7,0.6,0.5,0.6,1.0,1.0,1.0,0.9,0.8,0.9,0.5,1.0,1.0,0.5,0.6,0.4,1.0,0.9,0.8,0.9,0.6,0.1,0.5,0.7,0.5,0.4,0.5,0.7,0.7,1.0,0.5,0.8,1.0,1.0,0.6,0.2,0.8,0.8,0.9,0.7,1.0,0.8,0.8,0.8,0.2,0.0,0.5,0.9,0.7,0.6,0.0,0.2,0.714,0.5
abra,0.9,0.5,0.8,0.6,0.1,0.6,0.3,0.0,1.0,1.0,0.5,1.0,1.0,1.0,1.0,1.0,0.2,1.0,0.0,0.7,0.1,1.0,1.0,0.3,0.0,1.0,0.7,1.0,1.0,0.1,1.0,1.0,0.1,0.5,0.0,0.3,0.0,0.7,0.1,1.0,0.0,1.0,0.6,0.6,0.9,0.2,1.0,0.3,0.0,0.0,0.2,0.0,0.9,0.0,1.0,0.2,0.7,0.0,0.7,0.3,0.3,,0.0,0.1,1.0,1.0,0.3,1.0,0.5,0.3,0.6,0.0,1.0,0.8,0.5,0.1,0.0,0.1,0.0,0.9,0.1,1.0,0.9,0.1,0.5,0.0,1.0,0.2,0.5,0.1,0.8,0.2,0.2,0.9,0.7,0.1,1.0,0.1,0.4,0.0,0.8,0.1,0.9,0.9,1.0,1.0,0.1,1.0,0.3,0.8,0.5,0.2,0.7,0.1,0.8,0.2,0.5,0.1,0.6,0.0,0.5,0.0,0.2,0.0,0.0,0.3,0.0,1.0,0.0,0.0,0.9,0.4,0.0,0.0,0.1,0.1,0.5,0.1,0.8,0.1,0.0,0.1,0.0,0.0,0.1,1.0,0.6,0.9,0.0,0.0,0.462,1.0
kadabra,1.0,0.2,0.5,0.9,0.4,1.0,0.9,0.6,1.0,1.0,0.3,1.0,1.0,1.0,1.0,0.8,0.1,1.0,0.0,1.0,0.0,1.0,1.0,1.0,0.4,0.9,0.2,1.0,1.0,0.6,1.0,1.0,0.8,0.4,0.0,0.8,0.7,0.3,0.3,1.0,0.9,1.0,0.9,0.7,0.2,0.2,1.0,0.5,1.0,0.3,0.9,0.1,0.8,0.6,1.0,1.0,1.0,0.1,0.8,0.6,0.8,1.0,,0.0,1.0,1.0,0.9,1.0,0.7,0.5,1.0,0.9,1.0,0.1,0.0,0.6,0.0,0.5,0.1,1.0,0.6,0.8,1.0,0.2,1.0,0.2,1.0,0.8,0.9,0.4,1.0,1.0,0.4,1.0,0.1,0.2,1.0,0.5,1.0,0.3,0.2,0.0,0.9,0.8,1.0,1.0,0.4,1.0,0.8,0.9,0.2,0.6,0.3,0.3,1.0,0.6,1.0,0.2,0.5,0.1,0.1,0.2,0.1,0.4,0.1,0.3,0.0,1.0,0.0,0.3,1.0,0.7,0.0,0.0,0.1,0.9,0.9,0.4,0.8,0.3,0.1,0.0,0.3,0.1,0.0,1.0,0.7,0.0,0.0,0.0,0.5986666666666667,1.0
alakazam,1.0,0.4,1.0,1.0,0.6,0.9,1.0,0.6,1.0,1.0,0.7,1.0,1.0,1.0,1.0,1.0,0.6,1.0,0.5,1.0,0.1,1.0,1.0,1.0,0.8,1.0,0.9,1.0,1.0,0.8,1.0,1.0,1.0,0.4,0.6,1.0,0.5,0.8,0.7,1.0,1.0,1.0,1.0,0.5,0.9,0.3,1.0,0.9,1.0,0.6,1.0,1.0,0.9,0.7,1.0,1.0,1.0,0.5,1.0,0.8,0.9,0.8,0.8,,1.0,1.0,1.0,1.0,1.0,0.6,1.0,0.9,1.0,0.9,1.0,1.0,0.7,0.9,0.2,1.0,0.9,1.0,1.0,0.0,1.0,0.7,1.0,1.0,1.0,0.8,1.0,1.0,0.6,1.0,0.4,0.1,1.0,0.7,1.0,0.7,0.7,0.0,1.0,0.7,1.0,1.0,0.8,1.0,1.0,1.0,0.9,0.4,0.6,0.2,0.9,1.0,1.0,0.9,0.9,0.3,0.5,1.0,0.9,0.5,0.6,0.5,0.4,1.0,0.8,0.3,1.0,1.0,0.2,0.3,0.6,0.5,1.0,0.8,1.0,0.9,0.5,0.0,0.3,0.3,0.1,1.0,1.0,0.4,0.0,0.0,0.782,1.0
machop,0.1,0.0,0.5,0.3,0.3,0.0,0.1,0.0,1.0,1.0,0.6,1.0,1.0,0.8,0.1,0.0,0.1,0.6,0.0,0.0,0.0,0.9,0.6,1.0,0.0,0.1,0.0,0.8,0.6,0.0,0.9,0.8,0.0,0.1,0.1,0.7,0.1,0.5,0.1,1.0,0.5,0.2,0.3,0.4,0.7,0.5,0.2,0.2,0.7,0.0,0.5,0.1,0.4,0.0,0.8,0.1,0.3,0.0,0.0,0.1,0.0,0.0,0.0,0.0,,0.1,0.0,0.2,0.2,0.2,0.8,0.0,0.2,0.3,1.0,0.2,0.3,0.0,0.0,0.0,0.1,0.2,0.1,0.0,0.0,0.2,0.9,0.0,0.1,0.1,0.3,0.1,0.0,1.0,0.0,0.0,0.4,0.0,0.1,0.0,0.0,0.0,0.4,0.0,0.3,0.1,0.2,0.7,0.0,0.1,1.0,0.3,0.1,0.1,0.1,0.1,0.6,0.1,0.1,0.0,0.0,0.0,0.0,0.0,0.1,0.0,0.0,1.0,0.3,0.1,1.0,0.4,0.1,0.1,0.1,0.0,0.5,0.0,0.5,0.1,0.0,0.0,0.0,0.0,0.1,0.6,0.1,0.1,0.0,0.0,0.25733333333333336,0.2
machoke,0.2,0.2,0.8,0.2,0.2,0.9,0.1,0.1,1.0,1.0,0.3,1.0,1.0,0.9,0.9,0.4,0.0,1.0,0.4,1.0,0.1,0.9,0.9,1.0,0.1,1.0,0.0,1.0,1.0,0.5,0.8,0.9,0.4,0.4,0.2,0.5,0.2,0.4,0.5,1.0,0.8,0.9,0.7,0.2,0.9,0.7,0.4,0.4,0.9,0.6,0.8,0.6,1.0,0.0,1.0,0.4,1.0,0.4,0.3,0.3,0.0,0.0,0.0,0.0,1.0,,0.3,0.3,0.0,0.3,0.9,0.4,0.0,0.6,0.3,0.5,0.0,0.1,0.0,0.9,0.2,0.3,0.2,0.0,0.8,0.1,1.0,0.3,0.3,0.0,0.3,0.4,0.1,1.0,0.2,0.0,0.3,0.0,1.0,0.2,0.6,0.0,0.9,0.1,0.9,0.3,0.5,1.0,0.3,0.0,0.0,0.2,0.4,0.0,0.2,0.0,0.7,0.1,0.0,0.0,0.0,0.7,0.0,0.0,0.0,0.2,0.0,1.0,0.4,0.2,1.0,0.4,0.0,0.0,0.2,0.8,0.7,0.2,0.9,0.8,0.1,0.2,0.1,0.1,0.3,0.8,0.4,0.2,0.0,0.0,0.43,0.6
machamp,0.6,0.5,1.0,0.9,0.9,0.9,0.6,0.1,1.0,1.0,0.3,1.0,1.0,1.0,1.0,1.0,0.1,1.0,0.5,1.0,0.0,1.0,1.0,1.0,0.9,0.9,0.2,1.0,0.9,0.6,1.0,1.0,0.9,0.7,0.6,0.9,0.1,0.8,0.4,1.0,1.0,1.0,0.8,0.8,1.0,0.9,0.7,0.3,1.0,0.9,1.0,0.7,1.0,0.5,1.0,1.0,1.0,0.4,0.4,0.5,0.3,0.7,0.2,0.0,1.0,0.6,,0.9,0.7,0.4,1.0,0.8,0.9,1.0,0.0,1.0,0.5,0.4,0.0,1.0,0.2,0.7,0.9,0.2,0.9,0.0,1.0,1.0,0.9,0.1,0.4,0.4,0.6,1.0,0.5,0.0,1.0,0.3,1.0,0.8,0.2,0.0,0.8,0.7,1.0,1.0,1.0,1.0,1.0,1.0,0.2,0.5,0.3,0.6,0.6,0.2,1.0,0.7,0.9,0.0,0.1,1.0,0.9,0.7,0.8,0.4,0.3,1.0,0.7,0.3,1.0,0.9,0.6,1.0,0.6,1.0,0.8,0.9,0.9,1.0,0.2,0.4,0.1,0.2,0.5,1.0,0.9,0.6,0.0,0.0,0.6786666666666666,0.8
bellsprout,0.1,0.1,0.6,0.2,0.0,0.9,0.7,0.7,1.0,1.0,0.3,1.0,1.0,0.0,0.5,0.4,0.1,0.4,0.1,0.1,0.0,0.9,0.5,0.8,0.3,0.9,0.5,0.3,0.7,0.5,0.6,0.4,0.3,0.8,0.1,0.0,0.0,0.7,0.0,0.9,0.5,0.6,0.3,0.1,0.7,0.7,0.2,0.4,0.7,0.4,0.5,0.1,0.9,0.7,0.7,0.4,0.5,0.0,0.2,0.3,0.5,0.0,0.0,0.0,0.5,0.8,0.0,,0.3,0.4,0.5,0.1,1.0,0.7,0.0,0.1,0.0,0.9,0.6,0.9,0.1,0.3,0.0,0.0,0.6,0.0,0.8,0.2,0.9,0.1,0.0,0.1,0.0,1.0,0.2,0.0,1.0,0.0,0.6,0.7,0.7,0.0,0.9,0.8,0.4,0.5,0.6,0.5,0.4,1.0,0.9,0.3,0.2,0.1,0.5,0.1,0.7,0.4,0.9,0.0,0.0,0.2,0.0,0.3,0.0,0.0,0.0,1.0,0.1,0.1,0.9,0.5,0.3,0.3,0.3,0.2,1.0,0.2,0.7,0.7,0.0,0.3,0.0,0.0,0.0,0.6,0.5,0.0,0.0,0.0,0.398,0.4
weepinbell,0.3,0.2,0.5,0.5,0.3,1.0,0.4,0.4,1.0,1.0,0.3,1.0,1.0,0.0,0.5,0.4,0.4,0.8,0.5,0.6,0.1,0.6,0.3,0.7,0.5,1.0,0.5,0.8,0.4,0.3,0.8,0.8,0.2,0.4,0.7,0.7,0.1,0.9,0.5,0.9,0.8,0.8,0.4,0.5,0.9,0.8,0.6,0.4,1.0,0.6,0.7,0.6,1.0,0.5,0.6,0.6,0.7,0.2,0.5,0.1,0.6,0.8,0.3,0.0,0.7,0.6,0.7,0.7,,0.2,0.6,0.7,1.0,1.0,1.0,0.7,0.3,0.9,0.8,0.7,0.6,0.7,0.4,0.0,0.9,0.0,0.7,0.7,1.0,0.2,0.3,0.0,0.1,0.8,0.9,0.4,1.0,0.7,0.8,0.7,0.8,0.3,1.0,1.0,0.7,0.4,0.7,0.5,0.3,1.0,1.0,0.8,0.3,0.2,0.6,0.4,1.0,0.2,0.8,0.5,0.3,0.7,0.0,0.4,0.1,0.6,0.3,1.0,0.3,0.2,1.0,0.6,0.3,0.7,0.0,0.8,1.0,0.8,0.9,0.6,0.1,0.5,0.0,0.1,0.0,0.6,0.7,0.4,0.0,0.3,0.5613333333333334,0.6
victreebel,0.7,0.3,0.8,0.5,0.5,1.0,1.0,0.4,1.0,1.0,0.7,1.0,1.0,0.1,0.8,0.7,0.5,1.0,0.5,0.8,0.2,1.0,0.7,1.0,0.9,1.0,0.9,0.9,0.9,0.6,0.8,0.8,0.6,1.0,0.3,0.7,0.6,0.6,0.8,1.0,0.8,1.0,0.3,0.4,1.0,0.8,0.6,0.1,1.0,0.9,0.9,0.6,1.0,0.6,0.9,0.6,0.6,0.3,0.5,0.7,0.6,0.9,0.7,0.3,0.6,0.6,0.7,0.9,0.7,,0.8,0.5,1.0,1.0,1.0,0.5,0.5,1.0,0.8,0.9,0.8,0.7,0.2,0.6,1.0,0.6,0.8,0.8,1.0,0.6,0.2,0.1,0.2,1.0,0.6,0.6,1.0,0.6,0.8,0.8,0.8,0.7,1.0,1.0,0.9,0.7,0.9,0.9,0.7,1.0,1.0,0.9,0.6,0.6,1.0,0.5,0.9,1.0,0.9,0.6,0.5,0.6,0.5,1.0,0.4,0.8,0.7,1.0,0.2,0.6,1.0,0.9,1.0,0.7,0.6,0.8,1.0,1.0,1.0,1.0,0.5,0.6,0.1,0.4,0.1,0.8,0.8,0.3,0.1,0.2,0.7113333333333334,0.7
tentacool,0.6,0.2,1.0,0.5,0.0,0.2,0.1,0.0,1.0,1.0,0.1,1.0,1.0,0.2,0.9,1.0,0.1,0.7,0.0,0.9,0.1,0.6,0.0,0.8,0.0,0.9,0.5,1.0,0.7,0.0,1.0,0.4,0.0,0.3,0.3,1.0,0.0,0.8,0.2,1.0,0.3,1.0,0.3,0.5,0.8,0.3,0.9,0.1,0.0,0.0,0.6,0.0,0.2,0.0,0.0,0.0,0.9,0.0,0.3,0.0,0.0,0.2,0.0,0.0,0.2,0.1,0.0,0.5,0.4,0.4,,0.0,0.6,0.8,0.8,0.9,0.5,0.1,0.2,0.3,0.0,0.9,0.6,0.1,0.6,0.1,0.5,0.5,0.8,0.3,0.1,0.2,0.1,0.8,0.1,0.0,1.0,0.0,0.2,0.1,0.6,0.1,0.8,0.9,0.7,0.8,0.3,0.8,0.7,1.0,0.9,0.0,0.6,0.0,0.9,0.2,0.5,0.2,0.2,0.0,0.0,0.1,0.0,0.0,0.5,0.0,0.0,1.0,0.0,0.0,1.0,0.4,0.0,0.0,0.3,0.1,1.0,0.8,1.0,0.2,0.1,0.2,0.0,0.0,0.2,1.0,0.7,0.0,0.0,0.0,0.394,1.0
tentacruel,0.7,0.4,0.9,0.9,0.6,1.0,0.9,0.1,1.0,1.0,0.5,1.0,1.0,0.9,1.0,1.0,0.8,0.8,0.9,1.0,0.9,0.9,0.8,1.0,0.3,1.0,0.9,1.0,1.0,1.0,1.0,0.9,0.7,0.8,0.6,1.0,0.8,0.8,0.5,1.0,1.0,0.8,0.4,0.4,0.9,0.7,1.0,0.5,1.0,0.8,0.9,0.8,0.9,0.3,1.0,0.8,1.0,0.9,0.6,0.3,0.2,1.0,0.2,0.0,0.9,0.8,0.4,1.0,0.6,0.7,1.0,,1.0,0.7,1.0,1.0,1.0,1.0,0.1,0.9,0.5,1.0,1.0,1.0,1.0,0.7,0.9,1.0,1.0,1.0,0.5,0.4,0.2,1.0,0.1,0.2,1.0,0.8,1.0,0.0,0.9,0.6,1.0,0.9,1.0,1.0,0.8,1.0,0.8,1.0,1.0,0.4,0.5,0.7,1.0,0.9,1.0,0.6,0.8,0.0,0.5,0.9,0.3,0.3,1.0,0.8,0.3,1.0,0.4,0.1,1.0,0.7,0.2,0.1,1.0,0.7,1.0,1.0,1.0,0.8,0.8,0.3,0.5,1.0,0.9,0.9,1.0,1.0,0.0,0.1,0.7506666666666667,1.0
geodude,0.0,0.0,0.9,1.0,0.7,0.0,0.2,0.0,1.0,1.0,0.4,1.0,1.0,0.1,1.0,1.0,0.9,0.1,0.0,1.0,0.8,1.0,0.0,1.0,1.0,0.1,0.0,0.6,0.0,0.0,0.8,0.2,0.0,0.0,0.0,1.0,0.1,0.6,0.0,0.1,0.0,0.0,0.3,0.4,0.2,0.3,0.2,0.0,1.0,0.3,0.0,0.0,0.0,0.0,0.6,1.0,1.0,1.0,0.1,0.0,0.1,0.0,0.0,0.0,0.8,1.0,0.1,0.0,0.0,0.1,0.0,0.0,,1.0,1.0,1.0,0.0,0.0,0.0,1.0,1.0,0.8,1.0,0.9,0.0,0.0,0.0,0.0,0.0,0.0,0.4,0.5,0.5,1.0,0.4,0.0,0.0,0.0,1.0,1.0,0.0,0.1,0.0,0.0,0.4,0.1,0.0,1.0,0.7,1.0,0.0,0.2,0.0,0.0,0.0,0.0,0.0,0.0,0.3,0.0,0.2,0.9,0.1,1.0,0.8,0.3,0.0,1.0,0.1,0.0,1.0,0.9,0.0,0.9,0.7,0.0,0.1,0.0,0.0,0.0,1.0,0.0,0.0,0.8,0.4,0.0,0.0,0.0,0.0,0.0,0.35733333333333334,0.0
graveler,0.0,0.0,0.8,1.0,1.0,0.0,0.0,0.0,1.0,1.0,0.2,1.0,1.0,0.1,1.0,1.0,1.0,0.8,0.2,1.0,1.0,1.0,0.0,0.8,1.0,0.0,0.0,0.7,0.9,0.0,0.6,0.7,0.0,0.4,0.0,1.0,1.0,0.3,0.3,0.9,0.1,0.3,0.4,0.2,0.8,0.2,0.0,0.1,1.0,1.0,0.4,0.0,0.0,0.1,1.0,1.0,0.7,1.0,0.1,0.0,0.0,0.1,0.8,0.2,0.8,0.4,0.0,0.3,0.0,0.0,0.2,0.0,0.0,,1.0,1.0,1.0,0.0,0.0,1.0,1.0,1.0,1.0,1.0,0.0,0.0,1.0,0.0,0.0,0.0,0.3,0.5,0.7,1.0,0.2,0.3,0.0,0.0,1.0,1.0,0.1,0.1,0.3,0.0,0.8,0.7,0.0,1.0,1.0,0.0,0.0,0.0,0.0,0.0,0.2,0.1,0.0,0.0,0.2,0.0,0.1,1.0,0.1,0.9,1.0,0.4,0.0,1.0,0.0,0.0,1.0,1.0,0.1,1.0,0.6,0.0,0.0,0.0,0.1,0.0,0.9,0.0,0.0,1.0,0.5,0.0,0.0,0.0,0.0,0.0,0.4206666666666667,0.0
golem,0.0,0.0,1.0,0.8,1.0,0.3,0.0,0.0,1.0,1.0,0.4,1.0,1.0,1.0,1.0,1.0,1.0,1.0,0.2,1.0,1.0,0.9,0.9,1.0,1.0,0.0,0.0,1.0,0.7,0.0,1.0,0.8,0.0,0.2,0.0,1.0,1.0,0.2,0.4,1.0,0.3,0.0,0.5,0.4,0.7,0.9,0.5,0.1,1.0,1.0,1.0,0.1,0.0,0.0,1.0,0.8,0.9,1.0,0.5,0.1,0.1,0.6,0.9,0.0,0.0,0.6,1.0,0.6,0.0,0.0,0.2,0.0,0.0,0.0,,1.0,1.0,0.0,0.0,1.0,1.0,1.0,1.0,1.0,0.0,0.0,1.0,0.9,0.1,0.0,0.5,0.6,0.4,1.0,0.8,0.5,0.2,0.1,1.0,1.0,0.1,0.0,0.9,0.3,1.0,0.9,0.0,1.0,1.0,0.0,1.0,0.2,0.1,0.0,0.1,0.1,0.0,0.0,0.0,0.0,0.4,1.0,0.0,1.0,1.0,0.8,0.0,1.0,0.0,0.0,1.0,1.0,0.0,1.0,1.0,0.7,1.0,0.1,0.0,0.1,0.9,0.0,0.2,1.0,0.9,0.5,0.0,0.0,0.0,0.0,0.514,0.1
ponyta,0.5,0.5,0.4,0.2,0.0,0.5,0.0,0.0,1.0,1.0,0.6,1.0,1.0,1.0,0.9,0.7,0.0,1.0,0.7,0.8,0.0,0.9,0.2,0.8,0.0,0.3,0.0,0.8,1.0,0.0,0.8,0.8,0.0,0.5,0.0,0.4,0.0,0.7,0.2,0.9,0.4,0.9,0.8,0.4,0.9,1.0,0.9,0.6,0.1,0.0,0.5,0.0,0.1,0.0,0.8,0.0,0.3,0.0,0.2,0.4,0.0,0.9,0.2,0.0,0.8,0.8,0.0,1.0,0.6,0.3,0.2,0.0,0.0,0.0,0.0,,0.0,0.0,0.0,0.3,0.0,0.7,0.5,0.0,0.0,0.0,0.9,0.5,0.0,0.0,0.6,0.1,0.0,0.7,0.4,0.4,0.8,0.0,0.5,0.2,0.9,0.2,0.9,0.4,1.0,0.9,0.4,0.9,0.5,0.0,0.0,0.2,0.2,0.1,0.0,0.0,0.3,0.0,0.1,0.0,0.2,0.6,0.1,0.1,0.0,1.0,0.0,1.0,0.0,0.0,1.0,0.7,0.0,0.0,0.2,0.3,0.0,0.0,0.0,0.0,0.0,0.0,0.8,0.0,0.0,0.6,0.1,0.0,0.0,0.0,0.36333333333333334,1.0
rapidash,1.0,0.6,1.0,0.7,0.2,0.8,0.6,0.0,1.0,1.0,1.0,1.0,1.0,0.9,1.0,1.0,0.7,1.0,0.7,1.0,0.7,0.9,0.5,1.0,1.0,0.8,0.5,1.0,1.0,0.0,0.7,0.9,0.0,0.6,0.5,0.8,0.0,0.4,0.5,1.0,0.8,0.9,1.0,0.6,0.9,0.9,0.9,0.7,0.9,0.1,0.9,0.4,0.9,0.0,1.0,0.8,0.9,0.0,0.4,0.4,0.1,1.0,0.9,0.3,0.9,0.8,0.6,1.0,0.5,0.8,0.9,0.0,0.8,0.0,0.0,1.0,,0.3,0.0,1.0,0.2,0.9,1.0,0.9,0.6,0.0,0.9,0.5,0.2,0.6,0.8,0.3,0.0,0.8,0.6,0.3,0.7,0.0,0.9,0.2,0.6,0.2,0.8,0.8,1.0,0.9,0.8,0.8,0.7,0.3,0.0,0.7,0.4,0.6,0.8,0.0,0.8,0.5,0.8,0.0,1.0,0.9,1.0,0.7,0.9,1.0,0.3,1.0,0.0,0.0,1.0,0.8,0.0,0.0,0.4,1.0,0.0,0.0,0.0,0.0,0.0,0.5,0.8,0.1,0.1,0.8,0.6,0.0,0.0,0.0,0.594,1.0
slowpoke,0.0,0.0,1.0,1.0,0.2,1.0,0.7,0.1,1.0,1.0,0.7,1.0,1.0,1.0,0.9,0.6,0.3,0.8,0.0,0.7,0.1,1.0,1.0,0.8,0.0,0.9,0.2,0.8,0.1,0.0,0.8,0.2,0.0,0.0,0.0,1.0,0.4,0.5,0.0,1.0,0.6,0.1,0.3,0.4,0.0,0.0,0.5,0.4,1.0,0.6,0.5,0.0,0.7,0.0,0.8,0.2,0.6,0.2,0.7,0.3,0.3,1.0,0.6,0.0,1.0,1.0,0.5,0.1,0.2,0.0,0.8,0.0,0.9,1.0,1.0,0.9,0.7,,0.0,0.0,0.0,0.6,0.7,0.1,0.8,0.0,0.9,0.1,0.9,0.1,0.6,0.2,0.0,0.9,0.5,0.1,0.6,0.3,0.0,0.0,0.2,0.3,1.0,0.9,1.0,1.0,0.0,0.0,0.1,1.0,1.0,0.2,0.2,0.1,0.9,0.1,0.7,0.2,0.0,0.0,0.0,0.5,0.3,0.0,0.7,0.2,0.0,1.0,0.0,0.0,1.0,0.2,0.0,0.0,0.4,0.0,0.6,0.4,0.9,0.3,0.7,0.0,0.3,0.0,0.4,0.3,0.0,0.2,0.0,0.0,0.42933333333333334,0.0
slowbro,0.2,0.8,1.0,1.0,0.8,1.0,1.0,0.9,1.0,1.0,0.7,1.0,1.0,0.9,1.0,1.0,1.0,1.0,0.8,1.0,0.8,1.0,0.9,0.8,0.1,1.0,1.0,0.9,0.7,0.5,1.0,0.9,0.7,0.3,0.2,1.0,1.0,0.6,0.2,1.0,1.0,0.6,0.4,0.3,1.0,1.0,0.6,0.7,1.0,1.0,1.0,0.4,1.0,1.0,1.0,1.0,1.0,1.0,0.8,0.4,0.5,1.0,1.0,0.7,1.0,1.0,1.0,0.1,0.4,0.3,0.7,0.7,1.0,1.0,1.0,1.0,1.0,1.0,,0.2,0.0,0.9,1.0,0.7,1.0,0.9,1.0,1.0,1.0,1.0,0.3,0.4,0.4,1.0,0.7,0.5,1.0,1.0,0.2,0.1,0.2,0.3,1.0,1.0,1.0,1.0,0.6,1.0,0.6,1.0,1.0,0.3,0.2,0.4,1.0,1.0,1.0,1.0,0.8,0.0,0.2,0.8,0.9,0.1,1.0,1.0,0.2,1.0,0.2,0.0,1.0,1.0,0.5,0.1,1.0,0.3,1.0,0.2,1.0,0.9,0.9,0.2,0.7,0.0,0.8,1.0,0.6,0.6,0.0,0.1,0.732,0.5
magnemite,0.0,0.1,0.2,0.1,0.3,1.0,0.9,0.2,1.0,1.0,0.4,1.0,1.0,0.8,1.0,0.9,0.6,1.0,0.5,1.0,0.3,0.1,0.2,0.6,0.0,0.0,0.0,1.0,0.6,0.0,0.7,0.7,0.0,0.7,0.3,0.2,0.0,0.5,0.3,1.0,0.4,0.4,0.2,0.0,0.5,0.2,0.6,0.1,0.0,0.0,0.6,0.9,0.9,0.0,0.4,0.0,0.1,0.0,0.8,0.3,0.5,0.4,0.0,0.0,0.9,0.2,0.0,0.2,0.2,0.0,0.9,0.4,0.0,0.0,0.0,0.5,0.1,1.0,0.9,,0.0,0.9,0.8,0.1,1.0,0.2,0.8,0.1,1.0,0.7,0.1,0.1,0.2,0.0,0.3,0.1,1.0,1.0,0.7,0.3,0.3,0.0,0.0,0.0,0.8,0.2,0.3,0.9,0.0,0.0,0.0,0.5,0.1,0.0,0.9,0.5,0.8,0.6,0.9,0.1,0.1,0.9,0.1,0.1,0.1,0.1,0.1,1.0,0.7,0.8,1.0,0.5,0.2,0.0,0.3,0.3,1.0,0.0,1.0,0.9,0.8,0.0,0.3,0.0,0.1,0.4,0.2,0.1,0.0,0.0,0.4033333333333333,0.3
magneton,0.2,0.2,0.8,0.8,0.3,1.0,1.0,0.7,1.0,1.0,0.8,1.0,1.0,0.9,1.0,0.9,1.0,1.0,0.5,1.0,0.8,1.0,0.0,0.9,0.1,0.4,0.0,1.0,1.0,0.0,0.9,1.0,0.0,0.8,0.5,1.0,0.0,0.6,0.5,1.0,1.0,0.9,0.6,0.3,0.2,0.1,0.6,0.5,0.8,0.0,0.9,0.7,1.0,0.7,0.8,0.1,1.0,0.1,0.7,0.5,0.6,1.0,0.7,0.0,0.8,0.9,1.0,0.7,0.2,0.1,0.8,0.8,0.0,0.0,0.0,1.0,0.9,1.0,1.0,1.0,,1.0,1.0,1.0,1.0,0.8,1.0,0.8,1.0,1.0,0.7,0.2,0.6,0.0,0.4,0.4,1.0,1.0,1.0,0.7,0.3,0.0,0.1,0.0,1.0,1.0,1.0,1.0,1.0,0.0,0.0,0.6,0.3,0.0,1.0,0.7,1.0,1.0,0.8,0.8,0.7,0.8,0.3,0.8,0.2,0.7,0.3,1.0,1.0,0.6,1.0,0.9,0.9,0.6,0.4,1.0,1.0,1.0,1.0,0.9,0.9,0.7,0.3,0.4,0.7,1.0,0.4,0.4,0.0,0.2,0.6573333333333333,0.7
farfetchd,0.4,0.1,0.3,0.5,0.0,1.0,0.5,0.0,1.0,1.0,0.4,1.0,1.0,0.2,1.0,0.0,0.2,0.7,0.7,0.7,0.8,1.0,0.2,0.1,0.0,0.2,0.0,0.8,0.5,0.0,0.7,0.4,0.0,0.5,0.0,0.2,0.1,0.5,0.4,1.0,0.7,0.5,0.7,0.2,1.0,0.8,0.7,0.5,1.0,0.6,0.7,0.1,0.8,0.0,1.0,0.2,0.8,0.0,0.4,0.2,0.0,0.1,0.8,0.2,0.9,0.9,0.2,0.8,0.7,0.2,0.0,0.0,0.1,0.0,0.0,0.3,0.1,0.1,0.1,0.0,0.0,,0.8,0.0,0.6,0.0,0.9,0.1,0.2,0.0,0.1,0.0,0.0,0.0,0.5,0.1,0.7,0.0,0.1,0.0,0.4,0.1,0.6,0.1,1.0,0.7,0.3,0.0,0.0,0.0,0.0,0.2,0.5,0.1,0.6,0.0,0.1,0.2,0.2,0.0,0.0,0.1,0.2,0.0,0.0,0.0,0.0,1.0,0.0,0.0,1.0,0.9,0.0,0.0,0.1,0.6,0.1,0.0,0.3,0.0,0.0,0.0,0.0,0.0,0.0,0.9,0.0,0.0,0.0,0.0,0.33066666666666666,0.7
doduo,0.6,0.3,0.7,0.3,0.0,0.2,0.0,0.0,1.0,1.0,0.8,1.0,1.0,1.0,1.0,0.8,0.0,1.0,0.1,1.0,0.1,1.0,0.4,0.0,0.0,0.6,0.1,0.8,0.1,0.0,1.0,0.1,0.0,0.5,0.2,0.7,0.0,0.6,0.6,1.0,0.4,0.9,0.5,0.3,1.0,1.0,1.0,0.1,0.9,0.3,0.9,0.1,0.6,0.0,1.0,0.2,0.5,0.0,0.3,0.2,0.4,0.1,0.0,0.0,0.9,0.8,0.2,1.0,0.8,0.4,0.3,0.0,0.0,0.0,0.0,0.2,0.0,0.3,0.0,0.0,0.0,0.3,,0.1,0.1,0.2,0.8,0.2,0.4,0.0,0.4,0.0,0.0,0.0,0.7,0.4,0.6,0.0,0.0,0.0,0.3,0.5,0.2,0.1,0.8,0.0,0.1,0.0,0.0,0.0,0.0,0.4,0.7,0.0,0.3,0.0,0.2,0.1,0.0,0.0,0.0,0.2,0.1,0.0,0.0,0.1,0.0,1.0,0.0,0.0,1.0,0.8,0.0,0.0,0.2,0.3,0.0,0.0,0.1,0.0,0.0,0.0,0.0,0.0,0.0,0.3,0.2,0.0,0.0,0.0,0.32266666666666666,1.0
dodrio,1.0,0.7,1.0,0.9,0.7,1.0,0.9,0.6,1.0,1.0,1.0,1.0,1.0,1.0,1.0,1.0,0.9,1.0,0.9,1.0,0.7,1.0,0.2,0.9,0.2,1.0,0.8,1.0,0.2,0.8,1.0,0.9,0.8,1.0,0.4,1.0,0.4,1.0,0.9,1.0,1.0,1.0,0.8,0.4,1.0,1.0,1.0,0.9,1.0,0.9,1.0,0.3,1.0,0.6,1.0,0.9,1.0,0.6,1.0,0.7,0.6,1.0,0.8,0.8,1.0,0.8,0.9,1.0,1.0,0.7,1.0,0.1,0.4,0.2,0.0,1.0,0.1,1.0,0.3,0.9,0.2,1.0,1.0,,0.6,0.3,0.7,0.6,0.2,0.2,0.8,0.5,0.1,0.1,1.0,0.0,0.6,0.4,0.8,0.0,0.5,0.7,0.9,0.8,1.0,1.0,0.5,0.9,0.4,0.0,0.0,0.7,0.5,0.8,1.0,0.6,1.0,0.8,0.9,0.0,1.0,0.2,0.8,0.0,0.8,1.0,0.0,1.0,0.3,0.3,1.0,1.0,0.0,0.0,1.0,0.3,0.2,0.0,0.3,0.1,0.0,0.2,0.1,0.0,0.6,1.0,0.4,0.0,0.0,0.0,0.6613333333333333,1.0
seel,0.4,0.0,1.0,0.8,0.9,0.7,0.0,0.0,1.0,1.0,0.3,1.0,1.0,1.0,1.0,0.7,0.2,0.9,0.1,1.0,0.5,1.0,0.4,0.1,0.1,1.0,0.1,1.0,0.2,0.1,0.9,0.2,0.1,0.1,0.2,1.0,0.9,0.6,0.1,1.0,0.7,0.3,0.5,0.0,0.6,0.3,0.9,0.1,1.0,0.3,0.9,0.2,0.2,0.0,0.8,0.1,1.0,0.1,0.3,0.4,0.0,0.3,0.0,0.0,1.0,0.5,0.1,0.5,0.1,0.0,0.3,0.0,1.0,1.0,0.8,1.0,0.4,0.3,0.0,0.1,0.0,0.6,1.0,0.1,,0.0,0.9,0.1,0.3,0.0,0.0,0.0,0.1,1.0,0.5,0.1,0.2,0.1,0.0,0.0,0.6,0.0,1.0,0.9,1.0,0.6,0.3,0.4,0.1,1.0,1.0,0.4,0.2,0.4,0.5,0.1,0.0,0.1,0.0,0.0,0.0,0.2,0.2,0.0,0.3,0.1,0.0,1.0,0.0,0.0,1.0,0.1,0.0,0.0,0.1,0.4,1.0,0.1,0.9,0.0,0.4,0.2,0.1,0.0,0.4,1.0,0.3,0.2,0.0,0.0,0.4026666666666667,0.1
dewgong,0.9,0.2,1.0,1.0,1.0,1.0,1.0,0.6,1.0,1.0,0.8,1.0,1.0,0.9,1.0,1.0,0.8,1.0,0.8,1.0,0.9,1.0,0.8,0.8,0.1,1.0,0.9,0.9,1.0,1.0,1.0,0.9,1.0,0.8,0.2,1.0,0.8,0.4,0.7,1.0,1.0,1.0,1.0,0.6,1.0,1.0,0.9,0.7,1.0,0.9,1.0,0.9,1.0,0.2,1.0,0.6,1.0,0.9,0.7,0.7,0.2,1.0,0.7,0.1,1.0,0.9,1.0,0.9,1.0,0.5,0.9,0.3,1.0,1.0,1.0,1.0,1.0,1.0,0.2,0.8,0.3,1.0,0.9,0.7,1.0,,1.0,1.0,1.0,0.2,0.4,0.3,0.1,1.0,0.6,0.2,0.9,0.4,0.5,0.2,0.9,0.5,1.0,1.0,0.5,1.0,0.9,1.0,0.9,1.0,1.0,0.2,0.6,0.5,1.0,0.5,0.9,0.7,0.4,0.1,0.4,1.0,0.6,0.2,0.9,0.6,0.4,1.0,0.2,0.0,1.0,1.0,0.6,0.0,1.0,1.0,1.0,0.6,1.0,0.9,1.0,0.0,0.6,0.3,0.5,1.0,1.0,0.8,0.1,0.1,0.7513333333333333,0.8
grimer,0.4,0.0,0.0,0.0,0.0,0.6,0.0,0.0,1.0,1.0,0.3,1.0,1.0,0.3,1.0,0.3,0.0,0.2,0.0,0.8,0.0,0.2,0.0,1.0,0.0,0.0,0.0,0.8,0.2,0.0,0.8,0.3,0.0,0.1,0.1,0.6,0.0,0.4,0.1,0.9,0.4,0.4,0.3,0.1,0.7,0.2,0.1,0.0,0.5,0.1,0.6,0.0,0.0,0.0,0.3,0.1,0.1,0.0,0.1,0.1,0.1,0.0,0.0,0.0,0.2,0.0,0.0,0.2,0.2,0.3,0.3,0.0,0.8,0.0,0.0,0.3,0.0,0.1,0.0,0.1,0.0,0.0,0.2,0.0,0.1,0.0,,0.1,0.9,0.0,0.0,0.0,0.0,0.1,0.0,0.0,0.9,0.2,0.3,0.0,0.3,0.0,0.0,0.0,0.9,0.1,0.0,0.3,0.1,0.1,0.0,0.1,0.2,0.0,0.3,0.1,0.7,0.0,0.1,0.0,0.0,0.1,0.0,0.0,0.0,0.0,0.0,1.0,0.2,0.0,1.0,0.0,0.1,0.0,0.1,0.0,0.1,0.0,0.8,0.2,0.2,0.1,0.0,0.0,0.0,0.8,0.6,0.0,0.0,0.0,0.21133333333333335,0.2
muk,0.5,0.0,0.9,0.8,0.1,0.9,0.8,0.3,1.0,1.0,0.3,1.0,1.0,0.7,0.9,0.8,0.3,1.0,0.2,1.0,0.9,0.9,0.3,1.0,0.5,0.4,0.0,0.9,0.8,0.0,0.6,1.0,0.1,0.4,0.3,0.5,0.2,0.7,0.5,1.0,0.8,0.7,0.7,0.3,1.0,1.0,0.8,0.1,1.0,0.3,0.9,0.3,1.0,0.1,0.9,0.2,0.7,0.0,0.5,0.5,0.4,0.8,0.4,0.0,0.9,0.6,0.0,1.0,0.3,0.3,0.8,0.3,0.9,1.0,0.2,0.5,0.6,0.9,0.1,1.0,0.0,0.9,1.0,0.4,0.8,0.4,0.8,,0.9,0.6,0.0,0.0,0.0,1.0,0.6,0.1,1.0,0.4,1.0,0.2,0.7,0.0,0.5,0.1,0.9,0.9,1.0,1.0,0.0,1.0,0.2,0.3,0.6,0.0,0.6,0.2,1.0,0.6,0.7,0.0,0.4,0.8,0.0,0.4,0.4,0.7,0.1,1.0,0.5,0.0,1.0,0.7,0.2,0.2,0.3,0.6,0.9,0.1,1.0,1.0,1.0,0.1,0.0,0.1,0.0,1.0,0.7,0.1,0.0,0.0,0.5426666666666666,0.4
shellder,0.0,0.0,1.0,0.9,0.1,0.3,0.3,0.0,1.0,1.0,0.2,1.0,1.0,0.0,0.7,1.0,0.2,0.1,0.3,0.5,0.1,0.6,0.4,0.0,0.0,1.0,0.1,0.0,0.0,0.0,0.1,0.0,0.0,0.2,0.0,0.8,0.2,0.3,0.2,0.8,0.3,0.3,0.1,0.1,0.3,0.2,0.1,0.1,1.0,0.8,0.1,0.0,0.4,0.1,0.0,0.0,0.9,0.3,0.6,0.4,0.0,0.2,0.1,0.0,0.9,0.3,0.0,0.2,0.0,0.0,0.1,0.0,1.0,1.0,1.0,1.0,0.9,0.1,0.0,0.0,0.0,0.6,0.9,0.7,0.4,0.1,0.2,0.0,,0.1,0.0,0.0,0.0,1.0,0.1,0.0,0.5,0.2,0.0,0.0,0.0,0.1,1.0,1.0,0.8,0.4,0.1,0.2,0.0,1.0,0.9,0.1,0.1,0.1,0.6,0.1,0.5,0.0,0.0,0.0,0.0,0.4,0.1,0.0,0.0,0.0,0.3,1.0,0.0,0.0,1.0,0.3,0.1,0.0,0.0,0.0,0.0,0.0,0.8,0.0,0.7,0.0,0.0,0.0,0.0,0.0,0.2,0.0,0.0,0.0,0.29533333333333334,0.3
cloyster,1.0,0.0,1.0,1.0,0.2,0.9,0.8,0.1,1.0,1.0,1.0,1.0,1.0,0.9,1.0,1.0,1.0,0.9,0.7,0.9,0.9,1.0,0.9,0.2,0.1,1.0,1.0,1.0,1.0,0.3,0.9,0.8,0.3,0.6,0.6,1.0,0.4,0.7,0.2,1.0,0.9,1.0,1.0,0.4,0.8,0.9,0.7,0.4,1.0,1.0,0.8,0.5,1.0,0.7,1.0,0.8,1.0,0.2,0.6,0.4,0.5,0.8,1.0,0.1,0.8,1.0,1.0,1.0,0.9,0.2,0.7,0.1,1.0,1.0,1.0,1.0,0.2,0.7,0.2,0.6,0.0,1.0,1.0,1.0,1.0,0.6,0.9,0.7,1.0,,0.4,0.2,0.1,1.0,0.6,0.3,1.0,0.6,0.2,0.2,0.8,0.5,1.0,1.0,1.0,1.0,0.9,1.0,0.5,1.0,1.0,0.5,0.9,0.6,1.0,0.6,1.0,1.0,0.2,0.1,0.0,0.9,0.6,0.3,0.6,0.9,0.1,1.0,0.1,0.2,1.0,1.0,1.0,0.0,1.0,0.5,1.0,0.2,1.0,0.2,1.0,0.4,0.6,0.0,0.5,1.0,0.8,0.7,0.0,0.2,0.6946666666666667,0.8
gastly,0.7,0.6,0.7,0.0,0.0,1.0,0.6,0.8,1.0,1.0,0.6,1.0,1.0,0.9,1.0,1.0,0.6,0.5,0.0,1.0,0.5,0.7,0.2,0.7,0.5,0.6,0.4,1.0,1.0,0.5,1.0,1.0,0.0,0.6,0.4,0.3,0.0,0.5,0.3,1.0,1.0,1.0,1.0,0.9,0.6,0.4,0.8,0.2,0.0,0.0,1.0,0.6,0.4,0.0,0.5,0.0,0.3,0.0,0.4,0.1,0.5,0.2,0.0,0.0,0.4,0.6,0.7,0.9,0.9,0.5,0.7,0.4,0.6,0.4,0.6,0.6,0.4,0.5,0.7,0.8,0.8,1.0,0.8,0.1,0.7,0.5,1.0,1.0,1.0,0.8,,0.4,0.2,0.6,0.5,0.2,1.0,1.0,0.8,0.7,0.2,0.1,0.4,0.4,1.0,1.0,0.1,1.0,1.0,0.4,0.7,0.4,0.6,0.0,0.9,0.8,1.0,0.9,0.3,0.1,0.0,0.8,0.0,0.4,0.4,1.0,0.0,1.0,0.7,0.6,1.0,1.0,0.5,0.0,0.4,0.4,1.0,0.6,1.0,0.8,0.6,0.7,0.2,0.4,0.2,0.8,0.6,0.5,0.0,0.0,0.5713333333333334,0.9
haunter,0.7,0.6,0.5,0.9,0.1,1.0,0.7,0.7,1.0,1.0,0.4,1.0,1.0,1.0,1.0,1.0,1.0,0.7,0.5,1.0,0.8,0.8,0.4,1.0,0.4,0.6,0.5,1.0,1.0,0.5,1.0,1.0,0.5,0.5,0.6,0.7,0.2,0.9,0.4,1.0,1.0,1.0,1.0,1.0,0.6,0.4,1.0,0.4,0.2,0.0,1.0,1.0,0.7,0.5,0.7,0.2,0.8,0.0,1.0,0.4,0.6,0.8,0.2,0.0,0.7,0.4,0.6,1.0,1.0,0.5,0.8,0.5,0.7,0.4,0.6,0.7,0.5,0.7,0.9,0.5,0.6,1.0,1.0,0.6,1.0,0.9,1.0,1.0,1.0,1.0,0.5,,0.2,0.7,0.6,0.2,1.0,1.0,0.9,0.5,0.4,0.1,0.4,0.4,1.0,1.0,0.7,1.0,1.0,0.6,0.7,0.7,1.0,0.5,1.0,0.8,1.0,1.0,1.0,0.3,0.8,0.9,0.4,0.5,0.5,1.0,0.0,1.0,0.9,0.6,1.0,1.0,0.8,0.1,0.5,0.5,0.9,0.5,1.0,1.0,0.6,0.4,0.8,0.2,0.4,1.0,0.6,0.8,0.0,0.0,0.6886666666666666,0.7
gengar,1.0,1.0,0.4,0.5,0.9,1.0,0.9,0.6,1.0,1.0,0.5,1.0,1.0,1.0,1.0,1.0,1.0,0.9,0.6,1.0,1.0,1.0,0.7,1.0,0.8,0.4,0.5,1.0,1.0,0.5,1.0,1.0,0.4,0.4,0.7,0.7,0.6,0.8,0.3,1.0,1.0,1.0,1.0,1.0,0.7,0.7,1.0,0.5,0.8,0.0,1.0,1.0,1.0,0.6,1.0,0.7,0.7,0.5,1.0,1.0,0.8,0.7,0.9,0.4,1.0,0.8,0.4,1.0,1.0,0.8,1.0,0.8,0.6,0.5,0.6,1.0,0.7,1.0,0.8,0.8,0.8,1.0,1.0,1.0,1.0,1.0,1.0,1.0,1.0,0.9,0.7,0.6,,1.0,0.4,0.6,1.0,1.0,1.0,0.6,0.9,0.1,0.7,0.3,1.0,1.0,0.7,1.0,1.0,0.8,0.6,0.4,1.0,0.6,1.0,0.9,1.0,0.9,1.0,0.4,0.3,1.0,0.5,0.9,0.7,1.0,0.6,1.0,1.0,0.3,1.0,1.0,0.9,0.8,0.7,0.8,1.0,1.0,1.0,0.9,0.5,0.3,0.5,0.4,0.6,1.0,1.0,0.6,0.5,0.3,0.7926666666666666,1.0
onix,0.0,0.0,1.0,0.4,0.2,0.0,0.0,0.0,1.0,1.0,0.6,1.0,1.0,0.1,1.0,1.0,0.8,0.1,0.0,1.0,1.0,1.0,0.0,1.0,0.9,0.0,0.0,0.8,0.1,0.0,0.9,0.3,0.0,0.0,0.0,1.0,0.2,0.3,0.0,0.9,0.1,0.4,0.1,0.2,0.0,0.0,0.5,0.0,1.0,0.0,0.0,0.0,0.1,0.1,0.6,1.0,1.0,1.0,0.0,0.0,0.0,0.0,0.0,0.0,0.0,0.0,0.0,0.0,0.0,0.0,0.2,0.1,0.0,0.0,0.0,0.4,0.2,0.0,0.0,1.0,1.0,1.0,1.0,1.0,0.0,0.0,1.0,0.2,0.0,0.0,0.4,0.1,0.0,,0.1,0.0,0.0,0.0,1.0,1.0,0.0,0.0,0.0,0.0,0.5,0.1,0.0,1.0,0.4,0.0,0.0,0.0,0.0,0.0,0.0,0.0,0.0,0.0,0.1,0.0,0.4,1.0,0.0,0.5,0.0,0.3,0.0,1.0,0.0,0.0,1.0,1.0,0.0,1.0,0.7,0.0,0.2,0.0,0.0,0.0,0.4,0.0,0.1,1.0,0.1,0.1,0.0,0.0,0.0,0.0,0.30266666666666664,0.1
drowzee,0.1,0.1,0.7,0.5,0.7,0.7,0.6,0.6,1.0,1.0,0.2,1.0,1.0,0.4,0.6,0.6,0.1,0.7,0.4,0.5,0.2,1.0,0.7,0.6,0.4,0.7,0.6,1.0,1.0,0.2,0.9,0.9,0.3,0.8,0.4,0.8,0.2,0.4,0.3,1.0,0.6,1.0,0.4,0.4,0.5,0.5,0.5,0.3,0.7,0.5,0.7,0.4,0.7,0.7,1.0,0.5,0.8,0.4,0.3,0.3,0.5,0.7,0.6,0.4,1.0,0.9,0.2,1.0,0.2,0.2,0.4,0.4,0.4,0.7,0.4,0.6,0.7,0.4,0.5,0.8,0.2,0.2,0.4,0.0,0.7,0.4,1.0,0.5,0.8,0.4,0.6,0.4,0.5,0.8,,0.6,0.8,0.8,0.8,0.7,0.5,0.4,0.8,0.6,1.0,1.0,0.5,1.0,0.7,0.9,0.8,0.4,0.5,0.0,0.7,0.6,0.5,0.2,0.7,0.4,0.8,0.7,0.6,0.7,0.7,0.9,0.0,1.0,0.8,0.4,1.0,0.6,0.5,0.4,0.5,0.6,0.8,0.6,0.5,0.5,0.6,0.6,0.2,0.1,0.5,0.8,0.6,0.4,0.2,0.3,0.5733333333333334,0.2
hypno,1.0,0.4,0.8,0.9,0.7,0.9,1.0,0.7,1.0,1.0,0.8,1.0,1.0,1.0,1.0,0.8,0.5,1.0,0.7,0.9,0.5,1.0,1.0,0.9,0.6,1.0,0.9,1.0,1.0,0.9,1.0,1.0,1.0,0.6,0.6,1.0,0.8,0.8,0.5,1.0,1.0,1.0,0.9,0.7,0.2,0.0,1.0,0.6,0.9,0.5,0.8,0.7,1.0,0.4,1.0,0.9,1.0,0.6,0.7,0.6,0.3,1.0,0.9,0.8,1.0,1.0,1.0,1.0,0.7,0.4,0.9,0.7,1.0,0.5,0.8,0.7,0.7,0.7,0.5,0.9,0.5,0.9,0.9,0.1,1.0,0.3,1.0,0.8,1.0,0.7,0.7,0.8,0.9,1.0,0.8,,1.0,0.6,1.0,0.7,0.5,0.2,1.0,0.7,1.0,1.0,0.9,1.0,1.0,1.0,0.6,0.4,0.2,0.6,1.0,0.6,1.0,0.9,0.9,0.7,0.9,0.5,0.2,0.3,0.8,0.8,0.3,1.0,0.6,0.6,1.0,0.4,0.7,0.6,0.4,0.8,0.9,0.8,1.0,0.8,0.5,0.4,0.6,0.8,0.8,1.0,0.6,0.9,0.5,0.3,0.766,1.0
krabby,0.0,0.0,0.8,0.2,0.1,0.9,0.1,0.1,1.0,1.0,0.1,1.0,1.0,0.5,0.8,0.4,0.0,0.0,0.0,0.6,0.0,0.7,0.0,0.0,0.0,1.0,0.0,0.3,0.0,0.0,0.6,0.0,0.0,0.0,0.0,0.6,0.0,0.4,0.0,0.9,0.1,0.1,0.0,0.0,0.3,0.0,0.2,0.2,0.9,0.4,0.2,0.0,0.8,0.2,0.2,0.0,1.0,0.1,0.3,0.1,0.0,0.0,0.0,0.0,0.9,1.0,0.0,0.1,0.0,0.0,0.2,0.0,1.0,1.0,0.7,0.1,0.3,0.9,0.0,0.0,0.0,0.4,0.5,0.0,0.6,0.0,0.2,0.0,1.0,0.0,0.0,0.0,0.0,1.0,0.4,0.0,,0.0,0.0,0.0,0.3,0.0,1.0,1.0,0.7,0.3,0.0,0.0,0.0,1.0,0.9,0.0,0.0,0.1,0.5,0.1,0.8,0.4,0.0,0.0,0.0,0.1,0.0,0.0,0.1,0.0,0.0,1.0,0.0,0.0,1.0,0.6,0.1,0.0,0.0,0.0,0.0,0.0,0.5,0.0,0.2,0.0,0.0,0.0,0.0,0.4,0.0,0.0,0.0,0.0,0.2653333333333333,0.2
kingler,0.2,0.0,1.0,1.0,0.8,1.0,1.0,0.2,1.0,1.0,0.6,1.0,1.0,1.0,0.9,1.0,0.3,1.0,0.0,0.9,0.5,1.0,0.4,0.8,0.0,1.0,1.0,0.8,0.8,0.2,1.0,0.8,0.6,0.4,0.1,1.0,0.8,0.7,0.3,1.0,0.4,0.2,0.3,0.1,0.8,0.5,0.4,0.4,1.0,1.0,0.7,0.0,0.9,0.7,1.0,0.2,1.0,0.7,0.6,0.3,0.4,0.9,1.0,0.0,1.0,1.0,1.0,0.9,0.1,0.3,1.0,0.2,1.0,1.0,0.9,1.0,1.0,0.7,0.1,0.0,0.0,0.9,1.0,0.2,0.9,0.5,0.8,0.5,1.0,0.2,0.0,0.0,0.0,1.0,0.4,0.3,1.0,,0.2,0.0,0.5,0.0,1.0,1.0,1.0,0.4,0.8,0.6,0.0,1.0,1.0,0.5,0.4,0.0,0.9,0.7,0.9,1.0,0.6,0.0,0.1,0.7,0.6,0.0,0.1,0.4,0.0,1.0,0.0,0.1,1.0,0.9,0.8,0.0,0.7,0.5,0.8,0.6,0.9,0.4,1.0,0.0,0.0,0.0,0.1,0.9,0.4,0.4,0.0,0.0,0.58,0.6
voltorb,0.1,0.1,0.7,0.0,0.3,0.9,0.8,0.4,1.0,1.0,0.6,1.0,1.0,0.3,1.0,0.8,0.5,0.8,0.2,1.0,0.2,1.0,0.1,0.3,0.0,0.0,0.0,0.9,0.9,0.0,1.0,0.3,0.0,0.4,0.2,0.4,0.0,0.3,0.3,1.0,0.8,0.4,0.3,0.4,0.2,0.0,0.4,0.1,0.1,0.0,0.6,0.1,1.0,0.8,0.9,0.1,0.1,0.0,1.0,0.9,0.6,0.4,0.0,0.0,0.6,0.0,0.1,0.6,0.0,0.3,0.8,0.0,0.0,0.0,0.0,0.6,0.1,1.0,1.0,0.2,0.0,0.9,1.0,0.1,1.0,0.3,0.5,0.1,1.0,1.0,0.1,0.2,0.0,0.0,0.4,0.1,1.0,0.9,,0.0,0.2,0.0,0.0,0.0,1.0,0.7,0.1,0.7,0.1,0.0,0.0,0.3,0.0,0.0,0.9,0.8,1.0,1.0,1.0,0.4,0.1,0.6,0.3,0.0,0.2,0.4,0.0,1.0,0.7,0.6,1.0,0.5,0.0,0.0,0.0,0.4,0.8,0.5,1.0,0.7,0.9,0.0,0.1,0.0,0.1,0.6,0.3,0.2,0.0,0.0,0.416,0.3
electrode,0.3,0.1,1.0,0.4,0.9,1.0,1.0,0.9,1.0,1.0,0.8,1.0,1.0,1.0,1.0,1.0,1.0,1.0,0.8,1.0,0.8,0.8,0.6,1.0,0.4,0.4,0.0,1.0,1.0,0.0,1.0,1.0,0.0,0.7,0.1,1.0,0.1,0.7,0.2,1.0,0.9,0.4,0.5,0.3,0.2,0.4,0.9,0.4,0.9,0.3,0.8,0.5,1.0,0.8,0.9,0.6,0.9,0.3,1.0,1.0,0.8,0.8,0.6,0.4,1.0,0.6,0.4,0.6,0.2,0.2,1.0,1.0,0.0,0.0,0.0,1.0,0.6,1.0,1.0,0.6,0.2,1.0,1.0,1.0,0.9,1.0,1.0,0.7,1.0,0.8,0.5,0.4,0.0,0.0,0.8,0.1,1.0,1.0,1.0,,0.0,0.1,0.0,0.2,1.0,1.0,0.7,1.0,0.7,0.0,0.0,0.3,0.3,1.0,1.0,1.0,1.0,0.9,1.0,0.8,0.7,1.0,0.4,0.5,0.4,0.7,0.3,1.0,1.0,0.8,1.0,0.8,0.8,0.7,0.1,0.9,0.8,1.0,1.0,0.8,1.0,0.4,0.7,0.3,0.6,1.0,0.6,0.1,0.1,0.1,0.6606666666666666,0.3
exeggcute,0.5,0.5,0.4,0.0,0.0,0.6,0.2,0.4,1.0,1.0,0.9,1.0,1.0,0.1,0.6,0.3,0.8,0.7,0.4,0.5,0.5,1.0,0.7,0.7,0.7,0.8,0.7,0.6,0.2,0.6,0.8,0.7,0.5,0.9,0.3,0.2,0.0,0.8,0.5,1.0,0.8,0.6,0.1,0.3,0.8,0.4,0.4,0.5,1.0,0.6,0.9,0.6,0.3,0.2,1.0,0.9,0.4,0.1,0.7,0.2,0.2,0.1,0.7,0.5,1.0,0.5,0.8,0.5,0.2,0.5,0.1,0.1,1.0,1.0,0.7,0.1,0.1,0.8,0.4,1.0,0.2,0.5,0.5,0.6,0.3,0.0,0.9,0.8,0.5,0.0,0.5,0.6,0.5,1.0,0.5,0.5,0.8,0.7,0.9,0.9,,0.0,0.7,0.7,1.0,0.8,0.9,1.0,0.5,1.0,0.6,0.2,0.2,0.4,0.2,0.3,0.3,0.3,0.6,0.1,0.8,0.4,0.1,0.7,0.1,0.9,0.5,1.0,0.3,0.0,1.0,0.7,0.1,0.4,0.0,0.3,1.0,0.2,0.2,0.6,0.7,0.7,0.0,0.4,0.0,0.9,0.4,0.3,0.2,0.2,0.5266666666666666,0.7
exeggcutor,0.6,0.4,0.9,0.6,0.6,0.8,0.8,0.5,1.0,1.0,1.0,1.0,1.0,0.6,1.0,1.0,0.6,1.0,0.8,0.8,0.2,1.0,1.0,1.0,0.7,1.0,0.9,1.0,0.9,0.7,1.0,0.9,0.9,0.9,0.6,0.8,0.5,0.6,0.3,1.0,1.0,1.0,0.7,0.7,0.9,0.9,1.0,0.7,1.0,1.0,1.0,0.8,1.0,0.6,1.0,1.0,0.9,0.4,0.5,0.4,0.7,0.7,1.0,1.0,1.0,1.0,1.0,1.0,0.8,0.5,0.8,0.6,1.0,0.9,1.0,1.0,0.4,0.8,0.7,1.0,0.8,0.8,0.6,0.8,1.0,0.3,1.0,1.0,0.8,0.3,1.0,1.0,0.5,1.0,0.9,0.7,1.0,1.0,1.0,0.9,0.8,,0.9,1.0,1.0,1.0,1.0,1.0,0.7,1.0,1.0,0.8,0.4,0.8,0.7,0.9,0.9,0.8,0.8,0.7,0.8,0.9,0.3,0.7,0.5,0.8,0.7,1.0,0.9,0.4,1.0,0.8,0.8,0.8,0.4,0.9,1.0,0.7,0.8,0.5,0.6,0.9,0.6,0.7,0.2,1.0,0.7,0.6,0.2,0.4,0.7966666666666666,1.0
cubone,0.0,0.0,0.7,0.0,0.1,0.0,0.0,0.0,1.0,1.0,0.3,1.0,1.0,0.7,0.6,0.3,0.1,0.3,0.1,0.3,0.3,0.9,0.8,1.0,0.9,0.8,0.5,0.4,0.4,0.0,0.5,0.3,0.0,0.1,0.0,0.9,0.1,1.0,0.1,0.9,0.1,0.4,0.1,0.0,0.7,0.6,0.7,0.0,1.0,0.3,0.7,0.0,0.0,0.0,1.0,0.3,0.5,0.2,0.0,0.0,0.0,0.1,0.0,0.0,0.8,0.0,0.1,0.0,0.0,0.1,0.3,0.0,1.0,0.8,0.0,0.1,0.3,0.0,0.0,1.0,0.8,0.7,0.7,0.1,0.0,0.0,1.0,0.3,0.0,0.0,0.4,0.1,0.4,1.0,0.1,0.0,0.0,0.0,1.0,0.7,0.3,0.1,,0.1,0.7,0.0,0.0,0.7,0.1,1.0,0.0,0.3,0.0,0.2,0.0,0.0,0.0,0.0,0.0,0.0,0.1,0.6,0.0,0.4,0.2,0.3,0.0,1.0,0.0,0.0,1.0,0.5,0.0,0.9,0.1,0.0,0.1,0.0,0.1,0.0,0.1,0.0,0.0,0.3,0.0,0.2,0.0,0.1,0.0,0.0,0.30466666666666664,0.3
marowak,0.1,0.0,1.0,0.6,0.0,0.0,0.0,0.0,1.0,1.0,0.4,1.0,1.0,1.0,0.8,0.5,0.1,0.8,0.1,1.0,0.0,1.0,1.0,1.0,1.0,0.9,0.9,1.0,0.2,0.2,0.9,0.7,0.3,0.9,0.1,0.6,0.2,0.7,0.3,1.0,0.7,0.4,0.2,0.3,0.9,0.7,0.3,0.4,1.0,0.8,0.8,0.4,0.0,0.0,1.0,0.8,1.0,0.2,0.4,0.2,0.1,0.1,0.2,0.2,1.0,1.0,0.2,0.3,0.1,0.1,0.1,0.1,1.0,0.8,0.9,0.8,0.4,0.2,0.0,1.0,1.0,0.8,0.9,0.1,0.1,0.0,1.0,1.0,0.0,0.0,0.5,0.2,0.6,1.0,0.4,0.0,0.1,0.0,1.0,1.0,0.5,0.1,0.9,,1.0,0.3,0.1,1.0,0.2,1.0,0.9,0.3,0.0,0.0,0.0,0.0,0.1,0.0,0.1,0.0,0.0,0.7,0.0,1.0,0.5,0.8,0.1,1.0,0.0,0.0,1.0,1.0,0.0,1.0,0.3,0.0,0.3,0.1,0.9,0.0,0.6,0.1,0.0,0.5,0.0,0.4,0.1,0.0,0.0,0.0,0.462,0.3
hitmonlee,0.1,0.0,0.1,0.1,0.0,0.9,0.0,0.0,1.0,1.0,0.1,1.0,1.0,0.2,0.1,0.0,0.0,1.0,0.0,0.6,0.0,1.0,0.0,0.8,0.0,0.0,0.0,0.7,0.3,0.0,1.0,0.4,0.0,1.0,0.7,0.2,0.0,0.9,0.3,1.0,0.0,0.3,0.2,0.0,0.2,0.0,0.2,0.0,0.9,0.0,0.9,0.0,0.7,0.0,0.7,0.0,0.3,0.0,0.4,0.0,0.0,0.0,0.0,0.0,0.6,0.2,0.1,0.6,0.3,0.0,0.3,0.0,1.0,0.1,0.0,0.0,0.0,0.0,0.0,0.0,0.0,0.0,0.3,0.0,0.0,0.2,0.2,0.0,0.2,0.1,0.0,0.0,0.0,0.8,0.0,0.0,0.2,0.0,0.0,0.0,0.0,0.0,0.2,0.0,,0.2,0.2,0.2,0.1,0.5,0.0,0.9,0.1,0.0,0.3,0.0,0.9,0.0,0.0,0.0,0.0,0.0,0.0,0.0,0.0,0.0,0.0,1.0,0.0,0.2,1.0,0.9,0.0,0.0,0.0,0.7,0.6,0.1,1.0,0.0,0.0,0.5,0.1,0.0,0.0,0.7,0.2,0.1,0.0,0.0,0.24466666666666667,0.5
hitmonchan,0.5,0.0,0.6,0.1,0.0,0.9,0.5,0.0,1.0,1.0,0.2,1.0,1.0,0.9,0.8,0.3,0.2,1.0,0.9,1.0,0.0,1.0,0.7,0.3,0.0,1.0,0.2,0.8,0.6,0.1,0.9,0.9,0.2,0.9,0.3,0.9,0.1,1.0,0.2,1.0,0.5,0.4,0.5,0.3,0.6,0.3,0.3,0.2,0.9,0.3,1.0,0.4,0.8,0.0,0.9,0.5,0.7,0.0,0.2,0.1,0.0,0.0,0.0,0.0,1.0,0.8,0.2,0.7,0.3,0.4,0.2,0.0,1.0,0.4,0.0,0.2,0.0,0.0,0.0,0.3,0.0,0.5,0.9,0.1,0.4,0.1,0.8,0.2,0.6,0.1,0.0,0.0,0.0,1.0,0.1,0.0,0.9,0.4,0.2,0.0,0.1,0.0,0.5,0.7,0.7,,0.6,0.6,0.0,0.7,0.4,1.0,0.2,0.3,0.3,0.0,0.5,0.1,0.1,0.0,0.0,0.4,0.0,0.0,0.0,0.0,0.2,1.0,0.2,0.1,1.0,1.0,0.1,0.0,0.2,0.3,0.2,0.2,0.9,0.2,0.1,0.2,0.0,0.0,0.0,1.0,0.2,0.1,0.0,0.0,0.38866666666666666,0.2
lickitung,0.3,0.3,0.8,0.4,0.3,1.0,1.0,0.2,1.0,1.0,0.3,1.0,1.0,0.8,1.0,0.8,0.2,1.0,0.2,1.0,0.1,1.0,0.7,1.0,0.4,1.0,0.7,1.0,0.8,0.7,0.9,0.9,0.7,0.8,0.5,0.5,0.2,0.8,0.4,1.0,0.9,0.7,0.7,0.4,1.0,0.5,0.7,0.4,1.0,0.5,0.6,0.7,0.9,0.1,0.8,0.4,0.6,0.2,0.5,0.4,0.7,1.0,0.9,0.3,0.8,0.5,0.0,0.8,0.4,0.3,0.6,0.2,1.0,1.0,1.0,0.4,0.3,0.9,0.4,0.6,0.1,0.9,1.0,0.2,1.0,0.2,1.0,0.0,0.8,0.1,0.5,0.3,0.5,1.0,0.6,0.1,1.0,0.5,0.9,0.5,0.7,0.1,0.8,0.4,0.5,0.4,,0.6,0.2,1.0,1.0,0.5,0.5,0.0,0.9,0.0,0.9,0.7,0.7,0.1,0.4,0.9,0.6,0.6,0.8,0.7,0.0,1.0,0.5,0.1,1.0,0.6,0.3,0.0,0.2,0.8,0.4,0.5,0.7,0.5,0.9,0.1,0.0,0.1,0.1,1.0,0.7,0.7,0.0,0.0,0.5846666666666667,0.5
koffing,0.5,0.4,0.1,0.1,0.0,0.8,0.7,0.3,1.0,1.0,0.2,1.0,1.0,0.5,1.0,0.8,0.2,0.9,0.0,1.0,0.2,0.1,0.1,0.5,0.0,0.2,0.0,0.8,0.3,0.0,0.8,0.2,0.0,0.5,0.0,0.4,0.0,0.2,0.2,1.0,0.6,0.6,0.2,0.5,1.0,1.0,0.2,0.0,0.4,0.1,0.6,0.0,1.0,0.1,0.0,0.0,0.1,0.0,0.2,0.3,0.1,0.0,0.0,0.0,0.1,0.1,0.0,0.1,0.1,0.0,0.3,0.1,0.0,0.0,0.0,0.2,0.0,1.0,0.0,0.2,0.0,0.9,0.7,0.1,0.3,0.1,0.9,0.0,0.9,0.1,0.0,0.0,0.0,0.0,0.0,0.0,1.0,0.4,0.3,0.0,0.2,0.0,0.1,0.1,0.9,0.5,0.4,,0.0,0.0,0.0,0.1,0.2,0.0,0.5,0.0,0.8,0.0,0.0,0.0,0.0,0.4,0.0,0.0,0.1,0.4,0.0,1.0,0.2,0.0,1.0,0.6,0.0,0.0,0.0,0.0,0.6,0.1,0.8,0.1,0.3,0.0,0.0,0.0,0.0,0.4,0.2,0.0,0.0,0.0,0.2826666666666667,0.5
weezing,0.5,0.5,0.8,0.3,0.2,1.0,1.0,0.5,1.0,1.0,0.2,1.0,1.0,1.0,1.0,0.9,0.9,1.0,0.5,1.0,1.0,1.0,0.2,1.0,0.2,0.9,0.2,1.0,0.6,0.0,1.0,0.8,0.0,0.4,0.1,0.6,0.0,0.6,0.1,1.0,1.0,0.7,0.4,0.5,1.0,1.0,0.9,0.0,0.9,0.2,0.8,0.8,0.9,0.7,0.8,0.5,0.9,0.0,0.5,0.6,0.2,0.9,0.1,0.0,0.9,0.7,0.1,0.9,0.7,0.3,0.4,0.2,0.5,0.1,0.0,0.3,0.3,1.0,0.3,0.9,0.0,1.0,1.0,0.5,1.0,0.2,1.0,0.6,1.0,0.5,0.0,0.0,0.0,0.3,0.6,0.0,1.0,1.0,0.9,0.4,0.5,0.2,0.9,0.4,1.0,0.9,0.8,1.0,,0.0,0.0,0.4,0.7,0.1,0.7,0.7,0.9,0.9,0.4,0.0,0.1,0.9,0.2,0.3,0.1,1.0,0.0,1.0,0.7,0.1,1.0,1.0,0.4,0.2,0.3,0.5,0.9,0.7,1.0,0.7,0.9,0.0,0.1,0.0,0.0,1.0,0.5,0.2,0.0,0.0,0.5606666666666666,0.9
rhyhorn,0.0,0.0,0.9,1.0,1.0,0.1,0.0,0.0,1.0,1.0,0.4,1.0,1.0,0.0,1.0,1.0,0.9,0.5,0.0,1.0,1.0,1.0,0.0,1.0,1.0,0.1,0.0,0.9,0.5,0.0,0.8,0.8,0.0,0.0,0.0,1.0,1.0,0.5,0.6,0.8,0.0,0.1,0.0,0.0,0.7,0.0,0.0,0.0,1.0,0.0,0.0,0.1,0.1,0.0,0.7,1.0,1.0,1.0,0.0,0.0,0.0,0.1,0.3,0.2,0.9,1.0,0.0,0.0,0.0,0.0,0.0,0.1,0.0,1.0,1.0,1.0,0.8,0.0,0.0,1.0,1.0,1.0,1.0,0.8,0.0,0.0,1.0,0.1,0.0,0.0,0.2,0.3,0.4,1.0,0.3,0.0,0.0,0.0,1.0,1.0,0.0,0.0,0.1,0.0,0.5,0.2,0.0,1.0,1.0,,0.0,0.2,0.0,0.0,0.0,0.0,0.0,0.0,0.2,0.0,0.1,1.0,0.0,1.0,1.0,0.3,0.0,1.0,0.0,0.0,1.0,1.0,0.0,1.0,0.7,0.0,0.0,0.0,0.3,0.0,0.9,0.0,0.1,1.0,0.4,0.0,0.0,0.0,0.0,0.0,0.3933333333333333,0.0
rhydon,0.0,0.0,1.0,0.8,1.0,0.1,0.0,0.1,1.0,1.0,0.2,1.0,1.0,1.0,1.0,1.0,1.0,1.0,0.2,1.0,1.0,1.0,1.0,1.0,1.0,0.8,0.0,0.8,0.6,0.0,1.0,0.9,0.0,0.7,0.0,1.0,1.0,1.0,0.4,1.0,0.3,0.3,0.0,0.0,0.9,0.6,0.3,0.4,1.0,1.0,1.0,0.1,0.1,0.0,1.0,1.0,0.9,1.0,0.2,0.0,0.0,0.6,0.7,0.2,0.0,1.0,0.8,0.5,0.0,0.0,0.3,0.1,1.0,1.0,0.0,1.0,1.0,0.0,0.0,1.0,1.0,1.0,1.0,1.0,0.0,0.0,1.0,0.7,0.0,0.0,0.4,0.4,0.3,1.0,0.3,0.5,0.3,0.0,1.0,1.0,0.5,0.0,1.0,0.3,1.0,0.9,0.0,1.0,1.0,1.0,,0.1,0.0,0.0,0.1,0.0,0.0,0.0,0.1,0.0,0.2,1.0,0.1,1.0,1.0,0.9,0.3,1.0,0.0,0.0,1.0,1.0,0.0,1.0,1.0,0.6,1.0,0.0,0.1,0.4,1.0,0.0,0.1,1.0,0.8,1.0,0.0,0.0,0.0,0.0,0.5366666666666666,0.2
chansey,0.6,0.3,0.8,0.5,0.7,0.8,0.8,0.3,1.0,1.0,0.6,1.0,1.0,0.7,0.9,0.5,0.9,0.4,0.8,0.9,0.3,0.9,0.9,0.8,0.4,0.7,0.5,0.9,0.5,0.6,0.8,0.7,0.1,0.6,0.7,0.9,0.6,0.7,0.1,1.0,0.8,0.8,0.4,0.3,1.0,0.8,0.6,0.5,1.0,0.3,0.4,0.5,0.8,0.4,0.5,0.7,1.0,0.5,0.5,0.4,0.1,0.9,0.5,0.6,1.0,0.9,0.5,0.6,0.4,0.0,0.8,0.6,0.8,0.9,0.7,0.4,0.3,1.0,0.8,0.7,0.4,0.3,0.4,0.0,0.7,0.7,0.9,0.5,0.6,0.6,0.4,0.9,0.4,1.0,0.9,0.6,0.6,0.5,0.6,0.5,0.7,0.1,1.0,1.0,0.0,0.1,0.6,0.8,0.7,1.0,1.0,,0.3,0.1,0.9,0.8,0.9,0.4,0.9,0.7,0.7,0.7,0.8,0.5,0.3,0.7,0.1,1.0,0.3,0.3,1.0,0.5,0.6,0.6,0.7,0.6,0.9,0.5,0.5,0.3,0.4,0.2,0.4,0.7,0.4,0.8,0.7,0.8,0.3,0.5,0.618,0.5
tangela,0.7,0.4,0.9,0.6,0.3,0.9,1.0,0.2,1.0,1.0,0.4,1.0,1.0,0.9,0.9,0.6,0.4,0.7,0.8,0.6,0.4,1.0,0.8,0.8,0.7,0.9,1.0,0.9,0.4,0.3,1.0,0.4,0.3,0.9,0.1,0.5,0.1,0.9,0.2,1.0,1.0,0.7,0.7,0.5,0.6,0.5,0.9,0.6,1.0,1.0,1.0,0.9,1.0,0.5,0.8,0.8,0.6,0.2,0.5,0.5,0.3,0.7,0.7,0.6,1.0,0.7,0.8,0.7,0.5,0.2,0.5,0.6,0.8,1.0,1.0,0.4,0.3,0.7,0.7,1.0,0.8,0.7,0.5,0.4,0.8,0.3,0.9,0.7,0.8,0.3,0.4,0.0,0.0,0.9,0.8,0.6,1.0,0.9,0.9,0.6,0.5,0.4,1.0,1.0,0.9,0.9,0.5,0.5,0.7,1.0,0.9,0.8,,0.8,0.9,0.7,0.6,0.6,0.6,0.5,0.7,0.7,0.2,0.9,0.3,0.3,0.2,1.0,0.2,0.3,1.0,0.9,0.4,0.8,0.1,0.8,0.8,0.9,0.9,0.2,0.3,0.3,0.0,0.5,0.0,1.0,0.5,0.5,0.2,0.0,0.64,0.6
kangaskhan,0.5,0.3,1.0,0.6,0.4,0.6,0.9,0.5,1.0,1.0,1.0,1.0,1.0,1.0,1.0,0.9,0.7,1.0,0.4,1.0,0.7,1.0,1.0,0.9,0.5,1.0,1.0,1.0,0.9,1.0,1.0,0.8,1.0,0.9,0.6,1.0,0.1,0.8,0.6,1.0,1.0,0.9,0.6,0.5,0.9,0.5,0.8,0.3,1.0,1.0,1.0,0.7,1.0,0.6,1.0,0.7,1.0,0.2,0.8,0.6,0.2,0.8,1.0,0.8,0.8,1.0,0.7,1.0,0.7,0.5,1.0,0.5,1.0,1.0,1.0,0.6,0.4,1.0,0.3,1.0,0.9,0.9,1.0,0.1,0.7,0.5,1.0,1.0,0.9,0.2,1.0,0.4,0.6,1.0,1.0,0.5,0.9,0.9,1.0,0.2,0.6,0.3,0.9,0.9,0.8,0.9,0.9,1.0,0.9,1.0,1.0,0.8,0.7,,0.9,0.8,0.9,0.9,1.0,0.2,0.8,0.9,0.7,0.1,0.1,0.9,0.1,1.0,0.7,0.5,1.0,1.0,0.6,0.2,0.9,0.6,1.0,0.4,0.9,0.9,0.1,0.3,0.5,0.2,0.5,1.0,0.9,0.9,0.0,0.1,0.746,1.0
horsea,0.5,0.3,1.0,1.0,0.5,0.2,0.2,0.0,1.0,1.0,0.2,1.0,1.0,0.6,0.9,0.6,0.8,0.7,0.5,1.0,0.3,0.9,0.2,0.2,0.0,0.9,0.5,0.4,0.2,0.3,0.8,0.1,0.3,0.6,0.3,1.0,0.6,0.5,0.2,1.0,0.5,0.5,0.4,0.4,0.6,0.2,0.7,0.2,0.7,0.8,0.3,0.0,0.5,0.0,0.8,0.1,1.0,0.1,0.2,0.1,0.1,0.2,0.1,0.0,0.7,0.8,0.1,0.4,0.3,0.0,0.3,0.0,0.9,1.0,0.9,1.0,0.3,0.0,0.0,0.2,0.0,0.7,0.7,0.0,0.6,0.0,0.6,0.3,0.3,0.0,0.0,0.0,0.0,0.9,0.2,0.1,0.6,0.1,0.0,0.0,0.5,0.1,1.0,1.0,0.7,0.2,0.4,0.7,0.1,1.0,0.9,0.2,0.2,0.1,,0.0,0.1,0.0,0.0,0.0,0.1,0.2,0.0,0.0,0.2,0.1,0.0,1.0,0.0,0.0,1.0,0.2,0.0,0.0,0.1,0.2,0.8,0.4,0.8,0.1,0.8,0.4,0.0,0.0,0.3,0.9,0.1,0.1,0.0,0.0,0.38666666666666666,0.2
seadra,0.5,0.1,1.0,1.0,1.0,0.3,0.4,0.1,1.0,1.0,0.6,1.0,1.0,1.0,1.0,1.0,0.7,1.0,0.5,1.0,0.7,1.0,1.0,0.4,0.0,1.0,1.0,1.0,0.6,0.9,0.9,1.0,1.0,0.7,0.3,1.0,1.0,0.4,0.6,1.0,0.9,0.6,0.6,0.5,1.0,0.4,1.0,0.4,0.9,1.0,0.9,0.5,0.8,0.1,1.0,0.6,1.0,1.0,0.4,0.5,0.2,1.0,0.5,0.0,1.0,1.0,0.7,0.5,0.4,0.3,0.8,0.2,1.0,0.9,0.9,1.0,1.0,0.9,0.0,0.4,0.1,1.0,1.0,0.5,1.0,0.0,0.9,0.7,0.9,0.0,0.3,0.1,0.0,1.0,0.3,0.2,0.9,0.5,0.1,0.1,0.5,0.3,1.0,1.0,1.0,0.9,0.9,0.9,0.5,1.0,1.0,0.2,0.6,0.0,1.0,,0.9,0.3,0.0,0.1,0.1,0.9,0.2,0.0,1.0,0.5,0.1,1.0,0.1,0.0,1.0,0.8,0.7,0.0,0.7,0.9,1.0,0.8,0.9,0.8,0.8,0.2,0.3,0.0,0.5,1.0,1.0,1.0,0.0,0.1,0.6426666666666667,0.8
goldeen,0.3,0.0,1.0,0.8,0.6,0.9,0.2,0.0,1.0,1.0,0.1,1.0,1.0,0.3,0.8,0.3,0.1,0.7,0.1,0.8,0.4,1.0,0.1,0.0,0.0,1.0,0.0,0.1,0.2,0.3,0.6,0.1,0.0,0.2,0.2,1.0,0.5,0.4,0.1,1.0,0.4,0.3,0.1,0.2,0.4,0.2,0.4,0.0,0.9,0.2,0.1,0.2,0.4,0.0,0.1,0.2,1.0,0.0,0.7,0.2,0.1,0.5,0.2,0.0,0.9,0.0,0.2,0.4,0.2,0.0,0.4,0.0,1.0,1.0,1.0,0.7,0.2,0.4,0.0,0.1,0.0,0.7,0.7,0.0,0.8,0.0,0.2,0.0,0.6,0.0,0.0,0.0,0.0,1.0,0.3,0.0,0.1,0.2,0.0,0.0,0.5,0.0,1.0,0.7,0.5,0.4,0.1,0.1,0.3,1.0,1.0,0.1,0.1,0.0,0.8,0.0,,0.1,0.0,0.0,0.0,0.6,0.1,0.0,0.0,0.0,0.1,1.0,0.1,0.0,1.0,0.2,0.0,0.0,0.0,0.1,0.9,0.3,1.0,0.0,0.2,0.2,0.0,0.0,0.2,0.7,0.3,0.0,0.0,0.1,0.334,0.2
seaking,0.5,0.2,1.0,1.0,0.8,0.8,0.9,0.1,1.0,1.0,0.2,1.0,1.0,0.7,1.0,0.8,0.4,1.0,0.2,1.0,0.1,1.0,0.8,0.7,0.0,1.0,0.9,0.9,0.9,0.9,1.0,1.0,0.7,0.9,0.2,1.0,1.0,0.8,0.3,1.0,1.0,0.8,0.6,0.3,0.8,0.3,1.0,0.2,1.0,1.0,0.7,0.1,1.0,0.2,0.8,0.4,1.0,0.7,0.9,0.7,0.3,1.0,0.8,0.3,1.0,0.9,0.4,0.5,0.4,0.1,1.0,0.7,1.0,1.0,1.0,1.0,0.7,0.8,0.0,0.6,0.2,0.9,0.9,0.2,1.0,0.4,1.0,0.3,1.0,0.0,0.2,0.0,0.0,1.0,0.5,0.4,0.5,0.1,0.0,0.2,0.6,0.2,1.0,1.0,1.0,0.8,0.7,1.0,0.2,1.0,1.0,0.6,0.9,0.2,1.0,0.5,1.0,,0.6,0.0,0.0,0.7,0.8,0.0,0.8,0.0,0.1,1.0,0.0,0.0,1.0,0.9,0.7,0.0,0.7,0.5,1.0,0.3,0.8,0.0,0.6,0.1,0.0,0.0,0.6,1.0,0.8,0.7,0.0,0.0,0.6166666666666667,0.6
staryu,0.2,0.5,0.9,1.0,0.0,0.9,0.8,0.3,1.0,1.0,0.6,1.0,1.0,1.0,1.0,0.8,0.0,0.8,0.0,1.0,0.0,1.0,0.6,0.1,0.0,1.0,1.0,1.0,0.8,0.4,1.0,0.9,0.5,0.3,0.4,1.0,0.1,0.7,0.2,1.0,0.2,0.5,0.0,0.2,0.6,0.3,0.7,0.1,1.0,0.5,0.9,0.5,0.9,0.2,1.0,0.2,0.9,0.7,0.7,0.2,0.5,0.5,0.3,0.1,1.0,1.0,0.2,0.4,0.3,0.1,0.8,0.3,0.7,0.9,0.8,0.9,0.2,1.0,0.1,0.1,0.1,0.7,1.0,0.0,0.9,0.3,0.9,0.5,0.9,1.0,0.2,0.2,0.0,0.9,0.6,0.0,1.0,0.8,0.0,0.0,0.6,0.1,1.0,1.0,1.0,0.7,0.3,1.0,0.7,1.0,1.0,0.3,0.3,0.0,1.0,0.7,0.8,0.3,,0.2,0.0,0.5,0.3,0.0,0.3,0.2,0.1,1.0,0.7,0.4,1.0,0.3,0.4,0.0,0.5,0.2,0.9,0.5,1.0,0.9,0.7,0.0,0.2,0.0,0.2,1.0,0.7,0.9,0.0,0.0,0.544,0.4
starmie,0.7,0.4,1.0,1.0,0.9,1.0,0.9,0.9,1.0,1.0,0.9,1.0,1.0,1.0,1.0,1.0,0.9,1.0,0.9,1.0,1.0,1.0,1.0,1.0,0.6,1.0,1.0,1.0,1.0,0.9,1.0,1.0,0.9,0.7,0.3,1.0,1.0,0.6,0.7,1.0,1.0,1.0,0.8,0.5,1.0,0.6,1.0,0.8,1.0,1.0,1.0,0.9,1.0,0.9,1.0,1.0,1.0,1.0,1.0,0.9,0.7,1.0,0.8,0.5,1.0,1.0,1.0,1.0,0.3,0.4,1.0,1.0,1.0,1.0,1.0,1.0,1.0,1.0,1.0,0.7,0.2,1.0,1.0,1.0,1.0,0.9,1.0,0.9,1.0,1.0,0.5,0.3,0.5,1.0,0.7,0.4,1.0,1.0,0.9,0.2,0.8,0.5,1.0,1.0,1.0,1.0,0.9,1.0,0.9,1.0,1.0,0.2,0.6,0.7,1.0,1.0,1.0,1.0,1.0,,0.5,1.0,0.9,0.6,1.0,1.0,0.4,1.0,0.9,0.4,1.0,1.0,0.9,0.0,0.8,0.8,1.0,1.0,1.0,1.0,0.8,0.0,0.9,0.3,1.0,1.0,0.9,1.0,0.0,0.1,0.8486666666666667,1.0
mr. mime,0.4,0.3,0.9,1.0,0.4,0.8,0.9,0.8,1.0,1.0,0.5,1.0,1.0,1.0,1.0,0.9,0.2,1.0,0.9,1.0,0.7,1.0,1.0,0.9,0.3,1.0,0.9,1.0,1.0,0.8,1.0,1.0,0.5,0.8,0.3,1.0,0.0,0.8,0.4,1.0,1.0,1.0,0.6,0.6,0.3,0.1,1.0,0.7,1.0,0.3,0.8,0.4,1.0,0.7,1.0,1.0,1.0,0.0,0.7,0.7,0.6,0.8,0.7,0.5,1.0,1.0,0.8,1.0,0.5,0.6,0.9,0.5,0.8,0.8,0.8,0.8,0.0,1.0,0.9,0.9,0.3,1.0,1.0,0.0,0.9,0.4,1.0,0.6,1.0,1.0,1.0,0.5,0.4,0.8,0.4,0.3,1.0,0.9,0.9,0.4,0.2,0.1,1.0,0.9,1.0,1.0,1.0,1.0,0.8,0.9,0.8,0.3,0.3,0.2,1.0,1.0,1.0,0.9,0.9,0.7,,0.3,0.2,0.5,0.2,0.7,0.1,1.0,0.7,0.3,1.0,1.0,0.8,0.0,0.2,0.7,0.8,0.8,0.9,0.7,0.2,0.0,0.1,0.0,0.2,1.0,0.9,0.0,0.0,0.0,0.6886666666666666,1.0
scyther,0.5,0.7,0.4,0.2,0.3,0.6,0.7,0.1,1.0,1.0,0.5,1.0,1.0,0.8,1.0,0.8,0.6,1.0,0.6,1.0,0.2,0.6,0.3,1.0,0.0,0.3,0.3,0.6,0.4,0.6,0.8,0.8,0.3,0.5,0.6,0.6,0.1,0.6,0.4,1.0,0.9,0.5,0.5,0.3,1.0,0.4,0.6,0.5,1.0,0.2,1.0,0.0,0.7,0.3,0.9,0.3,0.7,0.0,0.8,0.4,0.2,1.0,0.9,0.0,0.9,0.0,0.0,0.6,0.2,0.4,0.7,0.2,0.0,0.0,0.0,0.3,0.0,0.6,0.1,0.0,0.0,0.8,0.6,0.6,0.8,0.0,1.0,0.1,0.5,0.0,0.2,0.2,0.0,0.0,0.1,0.2,0.8,0.5,0.3,0.0,0.4,0.1,0.5,0.1,1.0,0.9,0.3,0.5,0.2,0.0,0.0,0.6,0.4,0.1,0.6,0.2,0.7,0.3,0.3,0.0,0.9,,0.3,0.0,0.1,0.3,0.1,1.0,0.6,0.0,1.0,0.9,0.0,0.0,0.0,0.9,0.4,0.0,0.7,0.6,0.2,0.0,0.0,0.0,0.1,0.3,0.5,0.2,0.0,0.0,0.43066666666666664,0.7
jynx,1.0,0.4,0.9,0.9,0.5,0.8,0.8,0.4,1.0,1.0,1.0,1.0,1.0,1.0,1.0,1.0,1.0,1.0,0.0,1.0,0.1,1.0,1.0,1.0,0.2,1.0,0.9,1.0,1.0,0.9,1.0,1.0,1.0,0.6,0.7,0.8,0.0,0.4,0.3,1.0,1.0,0.9,0.9,0.5,0.9,0.9,1.0,0.5,1.0,0.6,0.9,0.2,1.0,0.1,1.0,0.7,0.8,0.8,0.9,0.8,0.7,1.0,0.7,0.5,1.0,1.0,0.3,1.0,0.9,0.4,1.0,0.6,1.0,0.9,0.9,0.8,0.1,0.6,0.1,1.0,0.5,1.0,1.0,0.1,0.9,0.5,1.0,0.9,0.8,0.4,0.9,0.6,0.2,1.0,0.6,0.2,1.0,0.4,0.9,0.4,1.0,0.5,1.0,0.9,1.0,1.0,0.5,1.0,0.8,1.0,0.9,0.3,0.7,0.6,0.9,0.5,1.0,0.4,1.0,0.2,0.9,0.7,,0.1,0.5,0.3,0.0,1.0,0.3,0.3,1.0,0.5,0.3,0.1,0.2,0.8,0.9,0.7,0.9,0.7,0.7,0.1,0.1,0.3,0.3,1.0,1.0,1.0,0.1,0.2,0.706,0.9
electabuzz,0.6,0.2,1.0,0.3,0.9,1.0,1.0,0.9,1.0,1.0,0.6,1.0,1.0,1.0,1.0,1.0,0.7,1.0,1.0,1.0,1.0,1.0,0.9,0.9,0.5,0.2,0.0,1.0,1.0,0.0,0.9,0.9,0.0,0.5,0.3,1.0,0.2,0.7,0.4,1.0,0.9,0.7,0.8,0.3,0.5,0.2,0.8,0.4,1.0,0.0,1.0,0.1,1.0,0.8,1.0,0.8,0.9,0.1,1.0,1.0,0.7,1.0,0.4,0.0,1.0,0.9,0.1,0.4,0.4,0.2,1.0,0.7,0.0,0.0,0.0,1.0,0.5,1.0,1.0,1.0,0.8,1.0,1.0,1.0,1.0,1.0,1.0,0.6,1.0,0.9,0.8,0.7,0.3,0.4,0.3,0.2,1.0,1.0,1.0,0.6,0.2,0.1,0.7,0.0,1.0,1.0,0.5,1.0,0.8,0.0,0.1,0.6,0.3,0.8,1.0,0.9,1.0,1.0,1.0,0.6,0.4,1.0,1.0,,0.7,0.5,0.5,1.0,1.0,0.6,1.0,0.6,0.9,0.7,0.5,0.6,1.0,1.0,1.0,0.7,0.5,0.2,0.6,0.1,0.7,0.9,0.7,0.0,0.0,0.2,0.6773333333333333,0.6
magmar,0.9,0.8,0.7,0.6,0.0,1.0,0.9,0.1,1.0,1.0,0.9,1.0,1.0,1.0,0.9,0.7,0.3,1.0,0.3,1.0,0.0,0.8,0.9,1.0,0.4,1.0,0.0,1.0,1.0,0.0,1.0,1.0,0.0,0.3,0.2,0.9,0.0,0.9,0.3,1.0,1.0,1.0,0.8,0.2,0.9,0.9,0.8,0.7,0.7,0.0,0.9,0.0,0.8,0.4,1.0,0.1,0.7,0.0,0.5,0.2,0.5,1.0,0.8,0.6,1.0,0.8,0.5,1.0,0.7,0.4,0.4,0.0,0.3,0.0,0.0,1.0,0.2,0.1,0.1,0.8,0.3,0.8,0.9,0.4,0.6,0.2,1.0,0.6,1.0,0.2,0.8,0.1,0.5,0.9,0.7,0.3,0.9,0.2,0.7,0.3,1.0,0.5,1.0,0.4,1.0,1.0,0.8,1.0,1.0,0.0,0.0,0.7,0.4,0.9,0.8,0.1,0.8,0.4,0.8,0.0,0.7,1.0,0.6,0.5,,1.0,0.2,1.0,0.0,0.3,1.0,0.9,0.1,0.2,0.1,0.5,0.1,0.1,0.8,0.1,0.0,0.1,0.8,0.0,0.1,0.9,0.3,0.0,0.0,0.0,0.5646666666666667,0.7
pinsir,0.7,0.3,1.0,0.2,0.0,1.0,0.9,0.1,1.0,1.0,0.2,1.0,1.0,0.8,1.0,1.0,0.5,1.0,0.6,1.0,0.0,1.0,1.0,1.0,0.2,1.0,0.7,1.0,0.9,0.3,1.0,1.0,0.3,0.7,0.4,0.8,0.0,0.6,0.9,1.0,1.0,0.7,0.5,0.5,0.5,0.6,0.2,0.0,1.0,0.9,1.0,0.7,0.9,0.3,1.0,0.7,0.1,0.0,0.6,0.4,0.5,0.9,0.9,0.1,0.9,0.8,0.4,1.0,0.6,0.2,1.0,0.4,0.9,0.5,0.0,0.0,0.1,0.9,0.1,0.9,0.4,1.0,1.0,0.0,1.0,0.5,1.0,0.4,0.9,0.0,0.0,0.0,0.0,0.8,0.5,0.3,0.9,0.8,0.5,0.2,0.4,0.2,0.7,0.2,1.0,1.0,0.4,0.5,0.3,0.8,0.1,0.6,0.5,0.1,0.7,0.3,1.0,0.9,0.6,0.2,0.4,0.8,0.6,0.3,0.0,,0.0,1.0,0.0,0.4,1.0,1.0,0.3,0.0,0.2,1.0,0.6,0.3,0.8,1.0,0.0,0.1,0.2,0.0,0.1,0.8,0.5,0.3,0.0,0.0,0.56,0.8
tauros,0.2,0.3,1.0,0.9,0.8,1.0,1.0,0.7,1.0,1.0,1.0,1.0,1.0,1.0,1.0,0.9,0.9,1.0,1.0,1.0,0.7,1.0,1.0,1.0,1.0,1.0,0.8,1.0,0.9,1.0,0.9,0.9,0.9,0.8,0.5,0.9,0.6,1.0,0.5,1.0,1.0,1.0,0.6,0.7,0.8,0.9,1.0,0.5,1.0,0.9,1.0,0.7,1.0,0.9,0.9,0.5,1.0,0.6,1.0,0.3,0.7,1.0,0.9,0.8,0.9,1.0,0.6,0.9,0.7,0.3,1.0,0.9,1.0,1.0,1.0,1.0,0.6,1.0,0.6,0.9,0.9,1.0,1.0,0.8,1.0,0.6,1.0,1.0,0.8,0.5,1.0,1.0,0.6,1.0,1.0,0.8,1.0,1.0,1.0,0.6,0.7,0.3,0.8,0.9,1.0,0.7,1.0,1.0,1.0,1.0,0.9,0.9,0.6,0.7,1.0,0.8,0.9,0.9,1.0,0.6,0.7,1.0,0.9,0.6,0.7,1.0,,1.0,0.9,0.5,1.0,1.0,0.9,0.0,0.4,1.0,1.0,0.7,0.9,0.8,0.7,0.6,0.3,0.3,0.4,1.0,0.8,1.0,0.2,0.5,0.8286666666666667,1.0
magikarp,0.0,0.0,0.0,0.0,0.0,0.0,0.0,0.0,0.0,0.0,0.0,0.1,0.0,0.0,0.0,0.0,0.0,0.0,0.0,0.0,0.0,0.0,0.0,0.0,0.0,0.0,0.0,0.0,0.0,0.0,0.0,0.0,0.0,0.0,0.0,0.0,0.0,0.0,0.0,0.0,0.0,0.0,0.0,0.0,0.0,0.0,0.0,0.0,0.0,0.0,0.0,0.0,0.0,0.0,0.0,0.0,0.0,0.0,0.0,0.0,0.0,0.0,0.0,0.0,0.0,0.0,0.0,0.0,0.0,0.0,0.0,0.0,0.0,0.0,0.0,0.0,0.0,0.0,0.0,0.0,0.0,0.0,0.0,0.0,0.0,0.0,0.0,0.0,0.0,0.0,0.0,0.0,0.0,0.0,0.0,0.0,0.0,0.0,0.0,0.0,0.0,0.0,0.0,0.0,0.0,0.0,0.0,0.0,0.0,0.0,0.0,0.0,0.0,0.0,0.0,0.0,0.0,0.0,0.0,0.0,0.0,0.0,0.0,0.0,0.0,0.0,0.0,,0.0,0.0,0.0,0.0,0.0,0.0,0.0,0.0,0.0,0.0,0.0,0.0,0.0,0.0,0.0,0.0,0.0,0.0,0.0,0.0,0.0,0.0,0.0006666666666666666,0.0
gyarados,0.5,0.4,1.0,1.0,1.0,1.0,1.0,0.9,1.0,1.0,0.7,1.0,1.0,1.0,1.0,1.0,0.7,1.0,0.0,1.0,0.7,1.0,1.0,0.7,0.0,1.0,0.8,0.8,0.3,1.0,1.0,0.5,0.5,0.5,0.4,1.0,1.0,0.4,0.4,1.0,0.9,0.9,0.8,0.7,1.0,0.9,0.9,0.3,0.9,1.0,0.9,0.2,1.0,0.7,1.0,0.1,1.0,0.9,1.0,0.5,0.7,0.9,0.9,0.3,1.0,0.7,0.6,1.0,0.8,0.4,1.0,0.8,1.0,1.0,1.0,1.0,1.0,1.0,1.0,0.1,0.0,1.0,1.0,0.7,0.9,0.7,0.7,0.2,1.0,0.9,0.3,0.2,0.0,1.0,0.6,0.5,1.0,1.0,0.4,0.0,1.0,0.2,1.0,1.0,1.0,1.0,0.4,0.3,0.6,1.0,1.0,0.7,0.9,0.1,1.0,0.7,0.8,0.8,0.2,0.0,0.3,0.7,0.6,0.0,0.8,0.8,0.0,1.0,,0.4,1.0,0.9,1.0,0.0,0.5,0.4,0.9,0.9,1.0,1.0,1.0,0.2,0.2,0.0,0.8,1.0,0.9,1.0,0.0,0.2,0.7153333333333334,1.0
lapras,0.5,0.3,1.0,1.0,0.8,1.0,1.0,1.0,1.0,1.0,0.6,1.0,1.0,1.0,1.0,1.0,0.9,1.0,0.9,0.9,0.9,1.0,0.9,0.6,0.2,1.0,1.0,1.0,1.0,1.0,1.0,1.0,1.0,0.6,0.7,1.0,0.8,0.6,0.7,1.0,1.0,1.0,0.9,0.7,0.9,1.0,1.0,0.6,1.0,1.0,1.0,0.7,1.0,0.9,1.0,0.8,1.0,0.8,0.9,0.8,0.6,1.0,0.6,0.7,1.0,0.7,0.9,1.0,1.0,0.2,1.0,0.5,1.0,1.0,0.9,1.0,1.0,1.0,0.9,0.6,0.4,1.0,0.9,1.0,1.0,1.0,1.0,1.0,1.0,1.0,0.8,0.6,0.6,1.0,0.8,0.3,1.0,1.0,0.8,0.6,1.0,0.7,1.0,1.0,0.9,0.9,1.0,0.9,0.7,1.0,1.0,0.8,0.8,0.5,1.0,1.0,1.0,1.0,0.6,0.7,0.9,1.0,0.8,0.6,0.8,0.6,0.7,1.0,0.5,,1.0,1.0,1.0,0.2,0.8,0.9,1.0,1.0,1.0,0.9,0.9,0.5,0.7,0.4,0.8,1.0,1.0,1.0,0.3,0.5,0.8506666666666667,1.0
ditto,0.0,0.0,0.0,0.0,0.0,0.0,0.0,0.0,1.0,1.0,0.0,1.0,1.0,0.0,0.0,0.0,0.0,0.0,0.0,0.0,0.0,0.0,0.0,0.0,0.0,0.0,0.0,0.0,0.0,0.0,0.0,0.0,0.0,0.0,0.0,0.0,0.0,0.0,0.0,0.5,0.0,0.2,0.0,0.0,0.3,0.0,0.0,0.0,0.0,0.0,0.0,0.0,0.0,0.0,0.0,0.0,0.0,0.0,0.3,0.0,0.0,0.1,0.0,0.0,0.0,0.0,0.0,0.1,0.0,0.0,0.0,0.0,0.0,0.0,0.0,0.0,0.0,0.0,0.0,0.0,0.0,0.0,0.0,0.0,0.0,0.0,0.0,0.0,0.0,0.0,0.0,0.0,0.0,0.0,0.0,0.0,0.0,0.0,0.0,0.0,0.0,0.0,0.0,0.0,0.0,0.0,0.0,0.0,0.0,0.0,0.0,0.2,0.0,0.0,0.0,0.0,0.0,0.0,0.0,0.0,0.0,0.0,0.0,0.0,0.0,0.0,0.0,1.0,0.0,0.0,,0.0,0.0,0.0,0.0,0.0,0.0,0.0,0.0,0.0,0.0,0.0,0.0,0.0,0.0,0.1,0.0,0.0,0.0,0.0,0.04533333333333334,0.0
eevee,0.2,0.1,0.7,0.5,0.1,0.8,0.1,0.1,1.0,1.0,0.2,1.0,1.0,0.4,0.1,0.1,0.1,0.9,0.0,0.8,0.0,0.9,0.3,0.8,0.1,0.2,0.0,0.8,0.5,0.0,0.8,0.2,0.2,0.7,0.1,0.3,0.1,0.5,0.1,1.0,0.3,0.3,0.1,0.1,0.7,0.2,0.4,0.2,0.7,0.4,0.2,0.0,0.6,0.0,0.3,0.1,0.4,0.0,0.7,0.3,0.0,0.8,0.1,0.2,0.5,0.4,0.3,0.6,0.3,0.2,0.8,0.1,0.0,0.0,0.0,0.4,0.1,0.9,0.0,0.5,0.0,0.1,0.2,0.0,0.8,0.1,0.8,0.1,0.7,0.0,0.0,0.0,0.0,0.0,0.4,0.3,0.4,0.0,0.4,0.3,0.3,0.0,0.3,0.0,0.1,0.0,0.1,0.9,0.0,0.0,0.0,0.9,0.1,0.0,0.5,0.1,0.8,0.3,0.7,0.2,0.1,0.5,0.3,0.2,0.1,0.1,0.0,1.0,0.0,0.1,1.0,,0.1,0.1,0.0,0.2,0.0,0.0,0.1,0.0,0.0,0.0,0.2,0.0,0.1,1.0,0.2,0.0,0.0,0.1,0.298,0.3
vaporeon,0.5,0.2,1.0,1.0,1.0,1.0,0.8,0.0,1.0,1.0,0.1,1.0,1.0,0.9,1.0,1.0,0.5,1.0,0.5,1.0,0.7,1.0,0.9,1.0,0.0,1.0,0.9,1.0,1.0,1.0,1.0,0.8,1.0,0.8,0.3,1.0,1.0,0.9,0.7,1.0,1.0,1.0,0.7,0.8,1.0,0.4,1.0,0.3,0.8,0.9,0.9,0.8,0.9,0.1,1.0,0.6,1.0,0.9,0.5,0.8,0.6,1.0,0.8,0.6,1.0,1.0,0.6,0.9,0.8,0.6,0.9,0.7,1.0,0.9,1.0,1.0,1.0,0.9,0.7,0.9,0.1,1.0,1.0,0.8,1.0,0.2,0.9,1.0,1.0,0.3,0.6,0.3,0.0,1.0,0.6,0.2,0.8,0.2,0.9,0.6,1.0,0.6,1.0,1.0,1.0,0.9,0.9,1.0,0.8,1.0,1.0,0.4,0.8,0.7,1.0,0.6,1.0,0.2,0.4,0.2,0.4,0.9,0.6,0.2,1.0,0.7,0.3,1.0,0.3,0.0,1.0,1.0,,0.1,0.6,0.9,1.0,0.6,1.0,0.8,0.9,0.1,0.4,0.1,0.8,1.0,0.9,1.0,0.1,0.0,0.7426666666666667,0.9
jolteon,0.3,0.2,1.0,0.8,0.9,1.0,1.0,1.0,1.0,1.0,1.0,1.0,1.0,1.0,1.0,1.0,1.0,1.0,0.8,1.0,1.0,0.9,0.7,1.0,0.8,0.0,0.0,1.0,0.9,0.0,1.0,0.9,0.0,0.6,0.5,1.0,0.3,0.8,0.4,1.0,1.0,0.3,0.7,0.3,0.3,0.1,0.6,0.4,0.9,0.1,0.8,0.8,1.0,0.9,1.0,0.8,1.0,0.4,1.0,1.0,0.6,1.0,0.9,0.2,1.0,0.9,0.2,0.8,0.5,0.4,1.0,1.0,0.0,0.0,0.0,1.0,1.0,1.0,1.0,1.0,0.1,1.0,1.0,1.0,1.0,0.9,1.0,0.6,1.0,1.0,1.0,0.6,0.5,0.0,0.6,0.3,1.0,1.0,1.0,0.4,0.8,0.3,0.1,0.0,1.0,1.0,1.0,1.0,0.9,0.1,0.0,0.5,0.1,0.7,1.0,1.0,1.0,1.0,1.0,1.0,1.0,1.0,0.9,0.5,0.8,0.9,0.7,1.0,1.0,0.9,1.0,0.9,1.0,,0.5,1.0,1.0,0.9,1.0,1.0,1.0,1.0,0.8,0.3,0.9,1.0,0.7,0.2,0.0,0.2,0.7326666666666667,0.6
flareon,0.8,0.3,0.7,0.3,0.1,1.0,0.6,0.1,1.0,1.0,0.4,1.0,1.0,1.0,1.0,0.8,0.4,0.9,0.9,0.9,0.4,1.0,0.2,1.0,0.6,0.7,0.3,1.0,0.9,0.0,1.0,0.9,0.0,0.7,0.3,1.0,0.0,1.0,0.7,1.0,0.8,0.7,1.0,0.5,0.9,0.9,0.9,0.7,0.8,0.1,1.0,0.3,0.9,0.1,0.8,0.5,0.8,0.2,0.5,0.0,0.4,1.0,1.0,0.6,1.0,0.5,0.4,1.0,0.8,0.4,0.8,0.0,0.4,0.1,0.0,0.9,0.8,0.4,0.1,0.2,0.7,0.9,1.0,0.3,0.6,0.2,0.9,0.7,1.0,0.4,0.8,0.2,0.2,0.4,0.4,0.6,0.8,0.4,1.0,0.9,1.0,0.7,0.9,0.4,0.9,1.0,0.7,1.0,0.8,0.1,0.0,0.5,1.0,0.4,0.7,0.2,0.9,0.1,0.9,0.1,0.7,0.9,0.9,0.8,1.0,0.9,0.5,1.0,0.4,0.3,1.0,0.6,0.0,0.7,,0.8,0.3,0.0,0.4,0.0,0.3,0.7,0.4,0.7,0.1,1.0,0.5,0.1,0.1,0.2,0.6073333333333333,1.0
porygon,0.4,0.2,0.7,0.3,0.5,0.7,0.8,0.3,1.0,1.0,0.1,1.0,1.0,1.0,0.8,0.9,0.4,1.0,0.1,1.0,0.2,1.0,0.8,0.7,0.2,0.9,0.1,0.9,0.9,0.5,0.6,0.9,0.0,0.8,0.2,0.7,0.0,0.7,0.2,1.0,0.6,0.9,0.6,0.1,0.8,0.3,0.6,0.6,0.9,0.2,0.9,0.4,1.0,0.3,0.8,0.2,0.7,0.0,0.7,0.3,0.2,1.0,0.4,0.4,1.0,0.3,0.1,0.6,0.3,0.1,0.7,0.2,1.0,0.9,0.0,0.5,0.1,1.0,0.7,0.5,0.1,0.3,0.6,1.0,0.9,0.0,1.0,0.3,1.0,0.2,0.3,0.5,0.1,1.0,0.1,0.0,1.0,0.6,0.9,0.4,0.3,0.1,1.0,1.0,0.3,0.8,0.3,1.0,0.3,0.9,0.3,0.5,0.3,0.2,0.7,0.2,0.9,0.5,0.8,0.5,0.4,0.2,0.4,0.5,0.4,0.0,0.0,1.0,0.7,0.1,1.0,0.3,0.1,0.1,0.0,,0.9,0.1,0.8,0.4,0.8,0.2,0.1,0.0,0.0,1.0,0.6,0.6,0.0,0.0,0.518,0.4
omanyte,0.2,0.0,0.9,0.9,0.0,0.1,0.2,0.0,1.0,1.0,0.1,1.0,1.0,0.7,1.0,1.0,1.0,0.8,0.0,1.0,1.0,0.9,0.2,0.4,0.0,0.9,0.1,0.8,0.4,0.3,0.8,0.3,0.4,0.1,0.1,0.8,0.0,0.5,0.2,1.0,0.1,0.2,0.2,0.0,1.0,0.0,0.2,0.2,0.7,0.5,0.6,0.0,0.3,0.0,1.0,0.2,0.7,0.3,0.6,0.1,0.2,0.4,0.1,0.0,0.4,0.1,0.1,0.0,0.0,0.0,0.0,0.0,0.9,1.0,0.0,1.0,1.0,0.1,0.1,0.0,0.0,1.0,0.9,0.9,0.4,0.0,0.8,0.0,0.8,0.0,0.1,0.0,0.0,0.9,0.1,0.2,1.0,0.2,0.2,0.0,0.1,0.1,0.8,0.7,0.0,0.6,0.6,0.6,0.1,1.0,0.0,0.1,0.1,0.0,0.2,0.0,0.2,0.0,0.0,0.0,0.1,0.5,0.0,0.1,0.8,0.3,0.1,1.0,0.0,0.0,1.0,1.0,0.0,0.0,0.9,0.1,,0.0,1.0,0.1,1.0,0.2,0.0,0.0,0.9,1.0,0.4,0.9,0.0,0.1,0.38533333333333336,0.2
omastar,0.2,0.1,1.0,0.8,0.9,1.0,0.3,0.0,1.0,1.0,0.0,1.0,1.0,1.0,1.0,1.0,1.0,1.0,0.8,1.0,1.0,1.0,0.6,1.0,0.1,1.0,0.9,0.9,0.8,0.5,1.0,0.7,0.5,0.7,0.3,0.9,0.7,0.7,0.7,1.0,0.7,1.0,0.7,0.5,0.9,0.5,1.0,0.0,1.0,0.8,1.0,0.1,1.0,0.2,1.0,0.6,0.8,1.0,0.7,0.1,0.2,0.8,0.8,0.2,1.0,0.8,0.2,1.0,0.1,0.0,0.1,0.1,1.0,1.0,1.0,1.0,1.0,0.5,0.7,0.7,0.2,1.0,1.0,1.0,0.7,0.0,0.9,1.0,1.0,0.6,0.5,0.3,0.0,0.8,0.7,0.1,1.0,0.6,0.8,0.0,1.0,0.3,1.0,0.9,1.0,0.7,0.9,0.7,0.5,1.0,1.0,0.2,0.2,0.3,0.7,0.3,0.9,0.6,0.4,0.2,0.4,0.9,0.6,0.1,0.9,0.7,0.3,1.0,0.0,0.0,1.0,1.0,0.1,0.1,1.0,1.0,1.0,,1.0,0.8,1.0,0.1,0.3,0.1,1.0,1.0,0.7,1.0,0.1,0.0,0.66,0.9
kabuto,0.0,0.0,1.0,0.0,0.0,0.5,0.2,0.0,1.0,1.0,0.0,1.0,1.0,0.1,1.0,1.0,0.4,0.0,0.2,1.0,1.0,0.1,0.0,0.0,0.0,1.0,0.0,0.3,0.1,0.1,0.5,0.0,0.0,0.1,0.1,0.8,0.0,0.2,0.3,0.4,0.1,0.8,0.3,0.3,0.3,0.2,0.5,0.0,0.7,0.0,0.0,0.0,0.4,0.1,0.6,0.1,0.3,0.2,0.3,0.1,0.0,0.3,0.0,0.0,0.3,0.0,0.0,0.3,0.0,0.0,0.0,0.0,1.0,0.8,0.7,1.0,1.0,0.2,0.0,0.0,0.0,1.0,1.0,0.7,0.5,0.0,0.1,0.2,0.0,0.0,0.0,0.0,0.0,0.8,0.0,0.0,0.4,0.0,0.0,0.0,0.9,0.2,1.0,0.1,0.0,0.5,0.0,0.4,0.0,0.9,0.9,0.7,0.2,0.1,0.4,0.0,0.3,0.1,0.0,0.0,0.2,0.3,0.2,0.0,0.1,0.1,0.1,1.0,0.0,0.1,1.0,0.9,0.0,0.0,0.7,0.2,0.1,0.0,,0.0,0.9,0.1,0.1,0.0,0.6,0.9,0.1,0.0,0.0,0.0,0.29733333333333334,0.2
kabutops,0.0,0.1,1.0,1.0,0.5,0.9,0.9,0.2,1.0,1.0,0.5,1.0,1.0,1.0,1.0,0.9,0.9,1.0,0.5,1.0,1.0,1.0,0.4,0.7,0.1,1.0,0.9,1.0,0.7,0.3,0.7,0.9,0.0,0.2,0.3,1.0,0.7,0.6,0.4,1.0,0.2,0.6,0.4,0.9,0.5,0.2,0.5,0.1,1.0,0.6,1.0,0.3,1.0,0.5,1.0,0.2,1.0,0.0,0.7,0.3,0.1,0.9,0.6,0.2,0.9,0.4,0.5,0.4,0.3,0.1,0.9,0.0,0.9,1.0,1.0,1.0,1.0,0.8,0.4,0.0,0.0,1.0,1.0,0.9,0.9,0.5,1.0,0.0,1.0,0.5,0.1,0.0,0.1,0.7,0.7,0.2,1.0,0.3,0.0,0.0,0.5,0.3,0.9,0.9,0.8,1.0,0.4,0.6,0.2,1.0,1.0,0.5,0.9,0.3,0.9,0.3,1.0,1.0,0.3,0.2,0.1,0.4,0.2,0.1,0.7,0.4,0.0,1.0,0.0,0.0,1.0,1.0,0.4,0.0,1.0,0.9,0.8,0.4,0.8,,0.9,0.0,0.2,0.0,1.0,1.0,0.9,0.5,0.0,0.0,0.5846666666666667,0.4
aerodactyl,0.5,0.8,0.9,1.0,0.7,0.8,0.4,0.0,1.0,1.0,1.0,1.0,1.0,1.0,1.0,1.0,0.8,1.0,1.0,1.0,0.8,0.9,0.4,1.0,0.4,1.0,0.6,0.8,0.4,0.3,0.7,1.0,0.4,0.6,0.3,1.0,0.9,0.5,0.2,1.0,1.0,0.9,0.9,0.6,1.0,1.0,0.9,0.6,1.0,0.7,0.8,0.4,0.7,0.1,1.0,0.7,1.0,0.8,0.6,0.5,0.5,1.0,1.0,0.7,1.0,0.9,0.9,1.0,0.7,0.5,0.7,0.1,0.4,0.0,0.0,1.0,1.0,0.3,0.1,0.4,0.0,1.0,1.0,0.8,0.7,0.2,1.0,0.2,0.5,0.0,0.6,0.8,0.3,0.6,0.6,0.3,0.8,0.1,0.2,0.0,0.6,0.5,0.9,0.0,1.0,0.8,0.5,0.5,0.0,0.2,0.0,0.6,0.8,0.8,0.8,0.0,0.9,0.4,0.2,0.1,0.7,0.9,0.3,0.3,0.7,0.8,0.2,1.0,0.0,0.0,1.0,1.0,0.1,0.0,0.9,0.3,0.0,0.0,0.0,0.0,,0.2,0.0,0.0,0.5,0.2,0.6,0.0,0.0,0.2,0.5846666666666667,1.0
snorlax,0.4,0.7,1.0,0.9,0.6,0.8,0.8,0.8,1.0,1.0,0.5,1.0,1.0,1.0,1.0,1.0,0.9,1.0,0.8,1.0,0.9,1.0,1.0,1.0,0.9,1.0,0.6,1.0,1.0,0.9,1.0,0.7,0.9,0.9,0.4,1.0,0.5,1.0,0.5,1.0,1.0,1.0,0.6,0.4,0.9,0.9,1.0,0.5,1.0,1.0,1.0,0.7,0.9,1.0,1.0,0.6,1.0,0.5,0.9,0.6,0.6,1.0,1.0,1.0,1.0,0.7,0.6,0.5,0.6,0.6,0.9,1.0,1.0,1.0,1.0,1.0,0.7,1.0,0.6,1.0,0.4,1.0,0.9,0.3,1.0,0.4,1.0,0.6,1.0,0.4,0.6,0.7,0.4,1.0,0.4,0.2,1.0,1.0,1.0,0.8,0.7,0.2,1.0,0.9,1.0,0.9,0.7,1.0,0.9,1.0,1.0,1.0,0.5,0.7,1.0,0.9,0.8,0.9,1.0,1.0,1.0,1.0,0.8,0.7,1.0,1.0,0.5,1.0,0.8,0.3,1.0,1.0,0.8,0.4,0.4,0.9,1.0,0.6,0.8,1.0,1.0,,0.6,0.6,0.4,1.0,0.9,0.9,0.2,0.6,0.8133333333333334,0.9
articuno,1.0,0.8,1.0,0.8,0.9,1.0,1.0,0.6,1.0,1.0,0.8,1.0,1.0,1.0,1.0,1.0,1.0,0.9,0.9,1.0,0.8,1.0,0.7,1.0,0.5,1.0,1.0,1.0,1.0,1.0,1.0,1.0,1.0,0.9,0.5,0.9,0.2,1.0,0.4,1.0,1.0,1.0,0.9,1.0,0.9,0.8,1.0,0.6,1.0,0.7,0.9,0.8,1.0,0.8,1.0,0.2,1.0,0.4,0.8,0.6,0.5,1.0,0.5,0.7,1.0,0.7,0.8,1.0,0.9,0.5,1.0,0.8,1.0,0.9,0.9,0.5,0.3,0.7,0.4,0.9,0.8,1.0,0.9,0.9,1.0,0.4,1.0,0.9,1.0,0.4,0.5,0.5,0.3,1.0,0.6,0.4,1.0,1.0,0.9,0.4,1.0,0.6,1.0,1.0,1.0,1.0,1.0,1.0,1.0,1.0,1.0,0.4,1.0,0.5,1.0,0.5,1.0,0.9,1.0,0.2,0.6,0.9,1.0,0.4,0.2,0.9,0.4,1.0,0.8,0.5,1.0,0.8,0.5,0.1,0.8,1.0,0.9,0.4,0.9,0.5,1.0,0.5,,0.4,0.2,1.0,1.0,1.0,0.0,0.1,0.7913333333333333,0.9
zapdos,0.3,0.6,1.0,1.0,1.0,1.0,1.0,1.0,1.0,1.0,1.0,1.0,1.0,1.0,1.0,1.0,1.0,1.0,0.6,1.0,0.9,1.0,0.9,1.0,0.4,1.0,0.3,0.8,0.8,0.5,0.9,0.9,0.8,0.7,0.6,1.0,0.4,0.7,0.8,1.0,1.0,1.0,0.8,0.7,1.0,1.0,1.0,0.8,1.0,0.8,1.0,0.8,1.0,1.0,1.0,0.9,1.0,0.6,1.0,1.0,0.9,1.0,0.8,0.8,1.0,0.8,1.0,1.0,1.0,0.6,1.0,0.3,0.1,0.0,0.0,1.0,0.8,1.0,1.0,1.0,0.4,1.0,1.0,1.0,1.0,1.0,1.0,1.0,1.0,1.0,0.9,0.7,0.3,0.1,0.6,0.6,1.0,1.0,1.0,0.9,0.7,0.7,1.0,0.6,1.0,1.0,0.8,1.0,0.9,0.0,0.0,0.4,0.4,0.8,1.0,1.0,1.0,1.0,1.0,0.8,1.0,1.0,0.4,0.6,1.0,1.0,0.8,1.0,1.0,0.8,1.0,1.0,0.9,0.5,0.3,1.0,1.0,0.9,1.0,1.0,1.0,0.7,0.9,,1.0,0.9,0.5,0.6,0.1,0.3,0.8213333333333334,1.0
moltres,0.9,1.0,0.8,1.0,0.7,0.8,0.6,0.4,1.0,1.0,0.9,1.0,1.0,1.0,1.0,1.0,0.7,1.0,0.9,1.0,0.8,1.0,0.8,0.9,0.3,0.9,0.8,1.0,0.9,0.6,1.0,1.0,0.8,0.7,0.7,1.0,1.0,1.0,0.8,1.0,0.9,1.0,0.9,1.0,0.9,0.9,1.0,0.8,1.0,0.4,1.0,0.9,0.8,0.2,1.0,0.4,1.0,0.4,0.6,0.6,0.3,1.0,1.0,1.0,0.9,0.7,0.6,1.0,1.0,1.0,0.9,0.1,0.2,0.5,0.1,1.0,0.7,0.5,0.1,0.8,0.7,1.0,1.0,0.5,0.8,0.9,1.0,0.9,0.8,0.6,0.9,0.6,0.4,0.7,0.6,0.7,1.0,0.8,1.0,0.3,1.0,0.6,1.0,0.9,1.0,1.0,1.0,1.0,0.8,0.3,0.1,0.7,0.9,0.7,1.0,0.3,1.0,0.5,0.9,0.1,0.7,1.0,0.4,0.2,0.4,1.0,0.7,1.0,0.2,0.3,1.0,0.9,0.2,0.0,0.6,0.6,0.1,0.0,0.7,0.1,0.5,0.6,0.6,0.2,,1.0,0.7,0.3,0.1,0.1,0.726,0.9
dratini,0.3,0.2,0.7,0.0,0.1,0.9,0.0,0.0,1.0,1.0,0.2,1.0,1.0,0.3,0.3,0.3,0.0,0.2,0.0,0.7,0.0,0.5,0.0,0.6,0.0,0.9,0.2,0.4,0.2,0.1,0.4,0.1,0.0,0.1,0.0,0.9,0.0,0.6,0.1,0.8,0.0,0.7,0.4,0.3,0.9,0.8,0.7,0.2,0.7,0.1,0.0,0.0,0.4,0.0,0.6,0.4,0.6,0.2,0.4,0.3,0.0,0.0,0.0,0.0,0.2,0.1,0.0,0.5,0.2,0.2,0.0,0.0,1.0,1.0,0.7,0.3,0.3,0.9,0.0,0.8,0.1,0.2,0.0,0.0,0.1,0.0,0.5,0.1,0.7,0.0,0.3,0.0,0.0,1.0,0.2,0.1,1.0,0.0,0.4,0.2,0.6,0.0,0.8,0.6,0.1,0.1,0.1,0.4,0.1,1.0,0.2,0.4,0.1,0.0,0.0,0.0,0.3,0.0,0.1,0.0,0.0,0.6,0.0,0.0,0.0,0.0,0.0,1.0,0.0,0.0,1.0,0.1,0.0,0.2,0.0,0.0,0.0,0.0,0.6,0.1,0.9,0.0,0.0,0.0,0.0,,0.0,0.0,0.0,0.0,0.2846666666666667,0.4
dragonair,0.5,0.2,1.0,0.8,0.7,0.8,0.7,0.1,1.0,1.0,0.6,1.0,1.0,0.8,1.0,0.5,0.2,0.3,0.1,0.9,0.3,1.0,0.5,0.5,0.5,1.0,0.9,0.9,0.4,0.1,0.9,0.3,0.2,0.5,0.1,1.0,0.5,0.8,0.1,1.0,0.9,0.6,0.4,0.6,0.9,0.7,0.9,0.4,1.0,0.4,0.8,0.0,1.0,0.0,0.8,0.3,0.9,0.3,0.7,0.3,0.6,0.3,0.2,0.0,0.9,0.5,0.1,0.6,0.4,0.2,0.3,0.0,1.0,1.0,1.0,0.8,0.5,1.0,0.6,1.0,0.4,1.0,0.8,0.5,1.0,0.2,0.8,0.3,1.0,0.1,0.3,0.1,0.1,0.9,0.6,0.2,1.0,0.5,0.7,0.4,0.3,0.2,1.0,0.8,0.8,0.5,0.1,0.9,0.3,1.0,1.0,0.2,0.5,0.0,0.9,0.0,0.9,0.2,0.2,0.1,0.1,0.5,0.0,0.4,0.4,0.4,0.1,1.0,0.4,0.0,1.0,0.6,0.1,0.4,0.3,0.4,0.4,0.3,1.0,0.3,0.4,0.0,0.0,0.2,0.3,1.0,,0.2,0.0,0.0,0.5273333333333333,0.5
dragonite,0.8,0.6,1.0,1.0,1.0,1.0,1.0,0.4,1.0,1.0,0.5,1.0,1.0,1.0,1.0,1.0,0.2,1.0,0.1,1.0,0.3,1.0,0.9,1.0,0.9,1.0,0.9,0.7,0.5,0.4,1.0,0.9,0.4,0.5,0.1,1.0,0.9,0.8,0.3,1.0,1.0,1.0,0.8,0.8,0.9,1.0,1.0,0.6,0.9,1.0,1.0,0.8,0.8,0.1,1.0,0.9,1.0,0.9,0.9,0.5,0.8,0.0,0.9,0.7,1.0,1.0,0.6,0.9,0.9,0.7,0.8,0.0,1.0,1.0,1.0,1.0,0.9,0.8,0.2,0.6,0.4,1.0,1.0,0.6,0.8,0.1,1.0,0.8,1.0,0.2,0.6,0.4,0.3,1.0,0.7,0.8,1.0,0.7,0.9,1.0,0.9,0.1,1.0,1.0,1.0,0.7,0.4,1.0,0.8,1.0,1.0,0.2,0.6,0.2,0.8,0.0,0.9,0.2,0.1,0.0,0.9,1.0,0.0,0.9,1.0,1.0,0.0,1.0,0.1,0.0,1.0,0.9,0.0,0.5,1.0,0.3,0.3,0.1,1.0,0.5,0.9,0.1,0.0,0.4,0.6,1.0,0.8,,0.0,0.0,0.702,1.0
mewtwo,1.0,0.8,1.0,1.0,1.0,1.0,1.0,1.0,1.0,1.0,1.0,1.0,1.0,1.0,1.0,1.0,1.0,1.0,1.0,1.0,1.0,1.0,1.0,1.0,1.0,1.0,1.0,1.0,1.0,1.0,1.0,1.0,1.0,1.0,0.7,1.0,1.0,0.8,0.8,1.0,1.0,1.0,1.0,1.0,0.9,1.0,1.0,1.0,1.0,1.0,1.0,0.9,1.0,0.8,1.0,1.0,1.0,1.0,1.0,1.0,1.0,1.0,1.0,0.8,1.0,1.0,1.0,1.0,1.0,0.7,1.0,1.0,1.0,1.0,1.0,1.0,1.0,1.0,1.0,1.0,1.0,1.0,1.0,0.9,1.0,0.9,1.0,1.0,1.0,1.0,1.0,1.0,0.7,1.0,0.5,0.5,1.0,1.0,1.0,1.0,1.0,0.8,1.0,1.0,1.0,1.0,1.0,1.0,1.0,1.0,1.0,0.7,0.6,0.9,1.0,0.9,1.0,1.0,1.0,1.0,0.8,1.0,0.9,0.9,1.0,1.0,1.0,1.0,1.0,0.8,1.0,1.0,0.9,1.0,1.0,1.0,1.0,0.9,1.0,0.8,0.9,0.8,0.8,1.0,1.0,1.0,1.0,1.0,,0.9,0.96,1.0
mew,0.9,0.5,1.0,1.0,0.9,1.0,0.9,0.7,1.0,1.0,1.0,1.0,1.0,1.0,1.0,1.0,1.0,1.0,0.9,1.0,0.8,1.0,1.0,1.0,1.0,1.0,1.0,1.0,1.0,0.9,1.0,1.0,0.9,0.5,0.6,1.0,0.8,0.9,0.2,1.0,1.0,1.0,0.9,0.7,0.9,0.9,1.0,1.0,1.0,0.9,0.9,0.7,1.0,1.0,1.0,1.0,1.0,1.0,1.0,0.5,0.8,1.0,1.0,1.0,1.0,1.0,1.0,1.0,0.6,0.5,1.0,1.0,1.0,1.0,1.0,1.0,1.0,1.0,0.8,1.0,0.8,1.0,1.0,1.0,0.9,0.5,1.0,1.0,1.0,0.9,1.0,1.0,0.6,1.0,0.5,0.4,1.0,1.0,1.0,1.0,1.0,0.6,1.0,1.0,1.0,1.0,1.0,1.0,1.0,1.0,1.0,0.5,0.9,0.9,1.0,0.9,0.9,0.8,1.0,0.8,1.0,1.0,0.9,0.9,0.9,1.0,0.7,1.0,0.8,0.6,1.0,1.0,0.7,1.0,0.7,1.0,1.0,0.8,1.0,0.8,1.0,0.4,0.7,0.4,1.0,1.0,1.0,1.0,0.3,,0.9,1.0
ivysaur,,0.2,0.6,0.6,0.2,1.0,1.0,0.7,1.0,1.0,0.3,1.0,1.0,0.0,0.8,0.4,0.4,0.7,0.5,0.4,0.5,0.8,0.6,0.8,0.6,1.0,0.8,0.7,0.7,0.6,0.6,0.4,0.6,0.8,0.5,0.4,0.0,0.9,0.9,0.9,0.5,0.7,0.8,0.6,0.6,0.7,0.6,0.5,1.0,0.6,0.9,0.8,1.0,0.4,0.8,0.9,0.7,0.1,0.6,0.5,0.2,0.0,0.0,0.0,0.8,0.5,0.9,0.6,0.9,0.4,0.3,0.2,1.0,1.0,1.0,0.6,0.2,1.0,0.9,0.7,0.6,0.3,0.2,0.0,0.8,0.2,0.6,0.5,1.0,0.1,0.4,0.2,0.1,1.0,0.7,0.2,1.0,0.6,0.9,0.3,0.7,0.4,0.9,1.0,0.7,0.6,0.4,0.7,0.2,1.0,1.0,0.4,0.5,0.8,0.7,0.7,1.0,0.2,0.8,0.5,0.4,0.8,0.3,0.3,0.0,0.4,0.5,1.0,0.3,0.1,1.0,0.8,0.3,0.5,0.0,0.7,1.0,1.0,1.0,0.7,0.5,0.2,0.0,0.3,0.1,0.3,0.3,0.2,0.0,0.1,0.5733333333333334,0.6
